[
    {
        "Alpha": 0.05,
        "Beta": 0.05,
        "mAP": {
            "5": 9.529040499844333,
            "10": 9.54386817799373,
            "25": 10.71114135292274,
            "50": 11.960887859829446
        }
    },
    {
        "Alpha": 0.05,
        "Beta": 0.1,
        "mAP": {
            "5": 10.273737465454772,
            "10": 10.21177344108847,
            "25": 11.429286950521849,
            "50": 12.604526313953102
        }
    },
    {
        "Alpha": 0.05,
        "Beta": 0.15,
        "mAP": {
            "5": 10.427525355057284,
            "10": 10.613817235200921,
            "25": 11.818731649440121,
            "50": 12.94021081814373
        }
    },
    {
        "Alpha": 0.05,
        "Beta": 0.2,
        "mAP": {
            "5": 10.917171815579588,
            "10": 11.180890080603687,
            "25": 12.497477449730717,
            "50": 13.51224617397582
        }
    },
    {
        "Alpha": 0.05,
        "Beta": 0.25,
        "mAP": {
            "5": 11.326767773452131,
            "10": 11.734534022821622,
            "25": 13.073322664184325,
            "50": 14.03387685687366
        }
    },
    {
        "Alpha": 0.05,
        "Beta": 0.3,
        "mAP": {
            "5": 11.749495079910213,
            "10": 12.235187913121825,
            "25": 13.510269078595394,
            "50": 14.449921943755312
        }
    },
    {
        "Alpha": 0.05,
        "Beta": 0.35,
        "mAP": {
            "5": 12.078282977031037,
            "10": 12.716745847243477,
            "25": 13.871981554072011,
            "50": 14.811634366739202
        }
    },
    {
        "Alpha": 0.05,
        "Beta": 0.4,
        "mAP": {
            "5": 12.382702155208046,
            "10": 13.094227235679599,
            "25": 14.173711434599351,
            "50": 15.098379224284805
        }
    },
    {
        "Alpha": 0.05,
        "Beta": 0.45,
        "mAP": {
            "5": 12.976262752305379,
            "10": 13.44711844640022,
            "25": 14.520031026225876,
            "50": 15.444698842157695
        }
    },
    {
        "Alpha": 0.05,
        "Beta": 0.5,
        "mAP": {
            "5": 13.193055701188067,
            "10": 13.76056244342842,
            "25": 14.76748711514202,
            "50": 15.692154888317667
        }
    },
    {
        "Alpha": 0.05,
        "Beta": 0.55,
        "mAP": {
            "5": 13.933838555081323,
            "10": 14.249279961751943,
            "25": 15.223554658957502,
            "50": 16.148222471926022
        }
    },
    {
        "Alpha": 0.05,
        "Beta": 0.6,
        "mAP": {
            "5": 14.315151668746362,
            "10": 14.60823257326741,
            "25": 15.53153043528172,
            "50": 16.456198233857073
        }
    },
    {
        "Alpha": 0.05,
        "Beta": 0.65,
        "mAP": {
            "5": 14.557575893334368,
            "10": 14.716684647243131,
            "25": 15.599671275862917,
            "50": 16.535702721554447
        }
    },
    {
        "Alpha": 0.05,
        "Beta": 0.7,
        "mAP": {
            "5": 14.79962139644406,
            "10": 15.048039485700428,
            "25": 15.80869059374725,
            "50": 16.74472202419896
        }
    },
    {
        "Alpha": 0.05,
        "Beta": 0.75,
        "mAP": {
            "5": 14.888636569746517,
            "10": 15.138897061432626,
            "25": 15.896012802100318,
            "50": 16.832044219005514
        }
    },
    {
        "Alpha": 0.05,
        "Beta": 0.8,
        "mAP": {
            "5": 15.11666687713428,
            "10": 15.339707252569495,
            "25": 16.08529630498114,
            "50": 17.031428744085133
        }
    },
    {
        "Alpha": 0.05,
        "Beta": 0.85,
        "mAP": {
            "5": 15.251515340059996,
            "10": 15.45418748759072,
            "25": 16.203277588144623,
            "50": 17.14941002301533
        }
    },
    {
        "Alpha": 0.05,
        "Beta": 0.9,
        "mAP": {
            "5": 15.266666854308411,
            "10": 15.523489134132184,
            "25": 16.25090014147149,
            "50": 17.197032567875628
        }
    },
    {
        "Alpha": 0.05,
        "Beta": 0.95,
        "mAP": {
            "5": 15.368939578871835,
            "10": 15.627307931215247,
            "25": 16.355751622891564,
            "50": 17.3018840492957
        }
    },
    {
        "Alpha": 0.05,
        "Beta": 1.0,
        "mAP": {
            "5": 15.368939578871835,
            "10": 15.627307931215247,
            "25": 16.355751622891564,
            "50": 17.3018840492957
        }
    },
    {
        "Alpha": 0.1,
        "Beta": 0.05,
        "mAP": {
            "5": 9.511363733221184,
            "10": 9.554474250498144,
            "25": 10.770569153511051,
            "50": 12.3631316594335
        }
    },
    {
        "Alpha": 0.1,
        "Beta": 0.1,
        "mAP": {
            "5": 10.273737465454772,
            "10": 10.238931063901294,
            "25": 11.521907899825072,
            "50": 13.032240512918428
        }
    },
    {
        "Alpha": 0.1,
        "Beta": 0.15,
        "mAP": {
            "5": 10.537121323021974,
            "10": 10.764280215159735,
            "25": 12.02186523894356,
            "50": 13.462917140145278
        }
    },
    {
        "Alpha": 0.1,
        "Beta": 0.2,
        "mAP": {
            "5": 10.849747605283152,
            "10": 11.301770003681833,
            "25": 12.624683878384529,
            "50": 13.979709277998403
        }
    },
    {
        "Alpha": 0.1,
        "Beta": 0.25,
        "mAP": {
            "5": 11.357070795175703,
            "10": 11.784045935439115,
            "25": 13.216322087894447,
            "50": 14.513752168859357
        }
    },
    {
        "Alpha": 0.1,
        "Beta": 0.3,
        "mAP": {
            "5": 11.875757691873744,
            "10": 12.369392797012221,
            "25": 13.64249654495242,
            "50": 14.936865618166683
        }
    },
    {
        "Alpha": 0.1,
        "Beta": 0.35,
        "mAP": {
            "5": 12.226389001377603,
            "10": 12.851538887162778,
            "25": 13.998048138720067,
            "50": 15.292417218284257
        }
    },
    {
        "Alpha": 0.1,
        "Beta": 0.4,
        "mAP": {
            "5": 12.628661727702076,
            "10": 13.25934310528365,
            "25": 14.345423003489321,
            "50": 15.639792097446678
        }
    },
    {
        "Alpha": 0.1,
        "Beta": 0.45,
        "mAP": {
            "5": 13.152651614086194,
            "10": 13.665294237434864,
            "25": 14.726459070701491,
            "50": 16.02082812909926
        }
    },
    {
        "Alpha": 0.1,
        "Beta": 0.5,
        "mAP": {
            "5": 13.643055690283127,
            "10": 14.130941771648148,
            "25": 15.097453411329875,
            "50": 16.39182246549436
        }
    },
    {
        "Alpha": 0.1,
        "Beta": 0.55,
        "mAP": {
            "5": 14.316540531475436,
            "10": 14.556389696134083,
            "25": 15.481330455196174,
            "50": 16.775699504280716
        }
    },
    {
        "Alpha": 0.1,
        "Beta": 0.6,
        "mAP": {
            "5": 14.49280314824798,
            "10": 14.808800739490174,
            "25": 15.662101673554968,
            "50": 16.968255229347214
        }
    },
    {
        "Alpha": 0.1,
        "Beta": 0.65,
        "mAP": {
            "5": 14.732197104868563,
            "10": 14.994023511270907,
            "25": 15.770254817960613,
            "50": 17.07598750823474
        }
    },
    {
        "Alpha": 0.1,
        "Beta": 0.7,
        "mAP": {
            "5": 14.851515323600987,
            "10": 15.119822362691842,
            "25": 15.892454118637197,
            "50": 17.198186791978184
        }
    },
    {
        "Alpha": 0.1,
        "Beta": 0.75,
        "mAP": {
            "5": 15.053030481054025,
            "10": 15.311162859116765,
            "25": 16.071594201282345,
            "50": 17.387427896822125
        }
    },
    {
        "Alpha": 0.1,
        "Beta": 0.8,
        "mAP": {
            "5": 15.3242425756021,
            "10": 15.467322626659138,
            "25": 16.23176763384518,
            "50": 17.54760131922508
        }
    },
    {
        "Alpha": 0.1,
        "Beta": 0.85,
        "mAP": {
            "5": 15.369697125120595,
            "10": 15.550770840438252,
            "25": 16.295164875601504,
            "50": 17.610998567754656
        }
    },
    {
        "Alpha": 0.1,
        "Beta": 0.9,
        "mAP": {
            "5": 15.464394092559813,
            "10": 15.64546780787747,
            "25": 16.389271140691232,
            "50": 17.70510483961764
        }
    },
    {
        "Alpha": 0.1,
        "Beta": 0.95,
        "mAP": {
            "5": 15.464394092559813,
            "10": 15.64546780787747,
            "25": 16.389271140691232,
            "50": 17.70510483961764
        }
    },
    {
        "Alpha": 0.1,
        "Beta": 1.0,
        "mAP": {
            "5": 15.464394092559813,
            "10": 15.64546780787747,
            "25": 16.389271140691232,
            "50": 17.70510483961764
        }
    },
    {
        "Alpha": 0.15,
        "Beta": 0.05,
        "mAP": {
            "5": 9.738636460493911,
            "10": 9.790513210675932,
            "25": 11.239896976727653,
            "50": 13.03361270809546
        }
    },
    {
        "Alpha": 0.15,
        "Beta": 0.1,
        "mAP": {
            "5": 10.284343526105989,
            "10": 10.302032332190059,
            "25": 11.815804498354819,
            "50": 13.527747843605042
        }
    },
    {
        "Alpha": 0.15,
        "Beta": 0.15,
        "mAP": {
            "5": 10.572474856268276,
            "10": 10.81697983794253,
            "25": 12.307687885847619,
            "50": 13.975722982802175
        }
    },
    {
        "Alpha": 0.15,
        "Beta": 0.2,
        "mAP": {
            "5": 11.087121353908017,
            "10": 11.57218375158581,
            "25": 13.070264734031465,
            "50": 14.670560244809497
        }
    },
    {
        "Alpha": 0.15,
        "Beta": 0.25,
        "mAP": {
            "5": 11.37070716443387,
            "10": 11.86241852923889,
            "25": 13.42195416102186,
            "50": 14.98879284936596
        }
    },
    {
        "Alpha": 0.15,
        "Beta": 0.3,
        "mAP": {
            "5": 11.96742437102578,
            "10": 12.634055819785731,
            "25": 13.950933310076255,
            "50": 15.514711063270543
        }
    },
    {
        "Alpha": 0.15,
        "Beta": 0.35,
        "mAP": {
            "5": 12.407702129672874,
            "10": 13.262908538718793,
            "25": 14.424970490561629,
            "50": 15.988748294132
        }
    },
    {
        "Alpha": 0.15,
        "Beta": 0.4,
        "mAP": {
            "5": 13.055808171629907,
            "10": 13.59428650953553,
            "25": 14.765779915985396,
            "50": 16.329557671296328
        }
    },
    {
        "Alpha": 0.15,
        "Beta": 0.45,
        "mAP": {
            "5": 13.27184354717081,
            "10": 13.840868434953418,
            "25": 14.969861372585664,
            "50": 16.533639084717088
        }
    },
    {
        "Alpha": 0.15,
        "Beta": 0.5,
        "mAP": {
            "5": 14.30290416221727,
            "10": 14.64671860745346,
            "25": 15.60085275104608,
            "50": 17.16463049535047
        }
    },
    {
        "Alpha": 0.15,
        "Beta": 0.55,
        "mAP": {
            "5": 14.538636497137222,
            "10": 14.871415007351473,
            "25": 15.760510170366615,
            "50": 17.33607241291214
        }
    },
    {
        "Alpha": 0.15,
        "Beta": 0.6,
        "mAP": {
            "5": 14.765530436892401,
            "10": 15.042012304660272,
            "25": 15.900891619014807,
            "50": 17.4760329765691
        }
    },
    {
        "Alpha": 0.15,
        "Beta": 0.65,
        "mAP": {
            "5": 14.948485011065548,
            "10": 15.182874206538227,
            "25": 16.0042610690421,
            "50": 17.589891931380738
        }
    },
    {
        "Alpha": 0.15,
        "Beta": 0.7,
        "mAP": {
            "5": 15.210606239058755,
            "10": 15.440559484995903,
            "25": 16.259797542482954,
            "50": 17.845039923929356
        }
    },
    {
        "Alpha": 0.15,
        "Beta": 0.75,
        "mAP": {
            "5": 15.415151693265546,
            "10": 15.664279463870281,
            "25": 16.448783309156585,
            "50": 18.03402567366985
        }
    },
    {
        "Alpha": 0.15,
        "Beta": 0.8,
        "mAP": {
            "5": 15.52500017495318,
            "10": 15.76045701068572,
            "25": 16.562010212589733,
            "50": 18.147252577102996
        }
    },
    {
        "Alpha": 0.15,
        "Beta": 0.85,
        "mAP": {
            "5": 15.52500017495318,
            "10": 15.76045701068572,
            "25": 16.561419510240246,
            "50": 18.146661881526764
        }
    },
    {
        "Alpha": 0.15,
        "Beta": 0.9,
        "mAP": {
            "5": 15.52500017495318,
            "10": 15.76045701068572,
            "25": 16.561419510240246,
            "50": 18.146661881526764
        }
    },
    {
        "Alpha": 0.15,
        "Beta": 0.95,
        "mAP": {
            "5": 15.52500017495318,
            "10": 15.76045701068572,
            "25": 16.561419510240246,
            "50": 18.146661881526764
        }
    },
    {
        "Alpha": 0.15,
        "Beta": 1.0,
        "mAP": {
            "5": 15.52500017495318,
            "10": 15.76045701068572,
            "25": 16.561419510240246,
            "50": 18.146661881526764
        }
    },
    {
        "Alpha": 0.2,
        "Beta": 0.05,
        "mAP": {
            "5": 9.85984858464111,
            "10": 9.999026937664231,
            "25": 11.882846967147833,
            "50": 13.608548347732391
        }
    },
    {
        "Alpha": 0.2,
        "Beta": 0.1,
        "mAP": {
            "5": 10.364646561105143,
            "10": 10.46178204473108,
            "25": 12.475358667487109,
            "50": 14.046882507708771
        }
    },
    {
        "Alpha": 0.2,
        "Beta": 0.15,
        "mAP": {
            "5": 10.752777889032256,
            "10": 11.106122569181025,
            "25": 12.987109984863887,
            "50": 14.577437014509501
        }
    },
    {
        "Alpha": 0.2,
        "Beta": 0.2,
        "mAP": {
            "5": 11.33106074549935,
            "10": 11.821152611042965,
            "25": 13.634921521244738,
            "50": 15.231655710482631
        }
    },
    {
        "Alpha": 0.2,
        "Beta": 0.25,
        "mAP": {
            "5": 11.88333344730464,
            "10": 12.424520201219076,
            "25": 14.222730071580205,
            "50": 15.791801086055454
        }
    },
    {
        "Alpha": 0.2,
        "Beta": 0.3,
        "mAP": {
            "5": 12.260101137852127,
            "10": 13.10257883107459,
            "25": 14.604394566056063,
            "50": 16.173465577144682
        }
    },
    {
        "Alpha": 0.2,
        "Beta": 0.35,
        "mAP": {
            "5": 12.804293044927444,
            "10": 13.582864472727207,
            "25": 15.015306158033622,
            "50": 16.58437716488896
        }
    },
    {
        "Alpha": 0.2,
        "Beta": 0.4,
        "mAP": {
            "5": 13.464394028891217,
            "10": 14.002346684732897,
            "25": 15.402189590756526,
            "50": 16.959022844570097
        }
    },
    {
        "Alpha": 0.2,
        "Beta": 0.45,
        "mAP": {
            "5": 14.244949604299936,
            "10": 14.526081091978332,
            "25": 15.853034308476543,
            "50": 17.40986756864004
        }
    },
    {
        "Alpha": 0.2,
        "Beta": 0.5,
        "mAP": {
            "5": 14.782197114757517,
            "10": 14.955461260608653,
            "25": 16.205780912317675,
            "50": 17.774398679612204
        }
    },
    {
        "Alpha": 0.2,
        "Beta": 0.55,
        "mAP": {
            "5": 14.983333498239517,
            "10": 15.08262426253747,
            "25": 16.309654965615746,
            "50": 17.877851865698837
        }
    },
    {
        "Alpha": 0.2,
        "Beta": 0.6,
        "mAP": {
            "5": 15.134091074155135,
            "10": 15.28411621947519,
            "25": 16.45106649089774,
            "50": 18.029752931324765
        }
    },
    {
        "Alpha": 0.2,
        "Beta": 0.65,
        "mAP": {
            "5": 15.638510291887956,
            "10": 15.735737018033186,
            "25": 16.900580882475797,
            "50": 18.478878768351436
        }
    },
    {
        "Alpha": 0.2,
        "Beta": 0.7,
        "mAP": {
            "5": 15.724873928861186,
            "10": 15.818606557917189,
            "25": 16.94860520328141,
            "50": 18.526903090850368
        }
    },
    {
        "Alpha": 0.2,
        "Beta": 0.75,
        "mAP": {
            "5": 15.839267865839329,
            "10": 15.917895565402102,
            "25": 17.064352873501115,
            "50": 18.64265076276338
        }
    },
    {
        "Alpha": 0.2,
        "Beta": 0.8,
        "mAP": {
            "5": 15.839267865839329,
            "10": 15.917895565402102,
            "25": 17.064352873501115,
            "50": 18.64265076276338
        }
    },
    {
        "Alpha": 0.2,
        "Beta": 0.85,
        "mAP": {
            "5": 15.839267865839329,
            "10": 15.917895565402102,
            "25": 17.064352873501115,
            "50": 18.64265076276338
        }
    },
    {
        "Alpha": 0.2,
        "Beta": 0.9,
        "mAP": {
            "5": 15.839267865839329,
            "10": 15.917895565402102,
            "25": 17.064352873501115,
            "50": 18.64265076276338
        }
    },
    {
        "Alpha": 0.2,
        "Beta": 0.95,
        "mAP": {
            "5": 15.839267865839329,
            "10": 15.917895565402102,
            "25": 17.064352873501115,
            "50": 18.64265076276338
        }
    },
    {
        "Alpha": 0.2,
        "Beta": 1.0,
        "mAP": {
            "5": 15.839267865839329,
            "10": 15.917895565402102,
            "25": 17.064352873501115,
            "50": 18.64265076276338
        }
    },
    {
        "Alpha": 0.25,
        "Beta": 0.05,
        "mAP": {
            "5": 10.10025263001973,
            "10": 10.269593996080486,
            "25": 12.724007152613591,
            "50": 14.293239677367223
        }
    },
    {
        "Alpha": 0.25,
        "Beta": 0.1,
        "mAP": {
            "5": 10.415151611986486,
            "10": 10.850776143964719,
            "25": 13.184180689806288,
            "50": 14.720498848367821
        }
    },
    {
        "Alpha": 0.25,
        "Beta": 0.15,
        "mAP": {
            "5": 11.191035478629848,
            "10": 11.661669826981697,
            "25": 13.929892556360837,
            "50": 15.424260703042489
        }
    },
    {
        "Alpha": 0.25,
        "Beta": 0.2,
        "mAP": {
            "5": 11.57234862446785,
            "10": 12.357429900121959,
            "25": 14.496096300215205,
            "50": 15.982174605173483
        }
    },
    {
        "Alpha": 0.25,
        "Beta": 0.25,
        "mAP": {
            "5": 12.110606194897132,
            "10": 12.984212363054128,
            "25": 14.895494179376826,
            "50": 16.390188156246126
        }
    },
    {
        "Alpha": 0.25,
        "Beta": 0.3,
        "mAP": {
            "5": 12.706186984750358,
            "10": 13.724825978279116,
            "25": 15.471586160446432,
            "50": 16.96628013181246
        }
    },
    {
        "Alpha": 0.25,
        "Beta": 0.35,
        "mAP": {
            "5": 13.657323301515795,
            "10": 14.160345449874349,
            "25": 15.866267631592399,
            "50": 17.36096165079454
        }
    },
    {
        "Alpha": 0.25,
        "Beta": 0.4,
        "mAP": {
            "5": 14.334722323851151,
            "10": 14.55355434424498,
            "25": 16.22699553273957,
            "50": 17.709451817526396
        }
    },
    {
        "Alpha": 0.25,
        "Beta": 0.45,
        "mAP": {
            "5": 14.902146655050192,
            "10": 15.092536537823351,
            "25": 16.70567982618443,
            "50": 18.200373823373496
        }
    },
    {
        "Alpha": 0.25,
        "Beta": 0.5,
        "mAP": {
            "5": 15.180303215641866,
            "10": 15.330442362888293,
            "25": 16.906937565231186,
            "50": 18.401178291956473
        }
    },
    {
        "Alpha": 0.25,
        "Beta": 0.55,
        "mAP": {
            "5": 15.640909272161396,
            "10": 15.752425377934493,
            "25": 17.29149013715373,
            "50": 18.795799515845086
        }
    },
    {
        "Alpha": 0.25,
        "Beta": 0.6,
        "mAP": {
            "5": 15.804166853089225,
            "10": 15.893349943428554,
            "25": 17.4301607276059,
            "50": 18.934081543279305
        }
    },
    {
        "Alpha": 0.25,
        "Beta": 0.65,
        "mAP": {
            "5": 15.871591109105132,
            "10": 15.94817498063838,
            "25": 17.485617076216094,
            "50": 18.989537911362607
        }
    },
    {
        "Alpha": 0.25,
        "Beta": 0.7,
        "mAP": {
            "5": 15.951894135637717,
            "10": 16.015898338519037,
            "25": 17.569799084978346,
            "50": 19.073719908271663
        }
    },
    {
        "Alpha": 0.25,
        "Beta": 0.75,
        "mAP": {
            "5": 15.96704564988613,
            "10": 16.025368034924295,
            "25": 17.579268779690295,
            "50": 19.08318960298361
        }
    },
    {
        "Alpha": 0.25,
        "Beta": 0.8,
        "mAP": {
            "5": 15.96704564988613,
            "10": 16.025368034924295,
            "25": 17.579268779690295,
            "50": 19.08318960298361
        }
    },
    {
        "Alpha": 0.25,
        "Beta": 0.85,
        "mAP": {
            "5": 15.96704564988613,
            "10": 16.025368034924295,
            "25": 17.579268779690295,
            "50": 19.08318960298361
        }
    },
    {
        "Alpha": 0.25,
        "Beta": 0.9,
        "mAP": {
            "5": 15.96704564988613,
            "10": 16.025368034924295,
            "25": 17.579268779690295,
            "50": 19.08318960298361
        }
    },
    {
        "Alpha": 0.25,
        "Beta": 0.95,
        "mAP": {
            "5": 15.96704564988613,
            "10": 16.025368034924295,
            "25": 17.579268779690295,
            "50": 19.08318960298361
        }
    },
    {
        "Alpha": 0.25,
        "Beta": 1.0,
        "mAP": {
            "5": 15.96704564988613,
            "10": 16.025368034924295,
            "25": 17.579268779690295,
            "50": 19.08318960298361
        }
    },
    {
        "Alpha": 0.3,
        "Beta": 0.05,
        "mAP": {
            "5": 10.512373862280088,
            "10": 11.002865652977066,
            "25": 13.91370604216883,
            "50": 15.296632025962356
        }
    },
    {
        "Alpha": 0.3,
        "Beta": 0.1,
        "mAP": {
            "5": 11.115530405870892,
            "10": 11.785955103537574,
            "25": 14.510840063237332,
            "50": 15.873657806501301
        }
    },
    {
        "Alpha": 0.3,
        "Beta": 0.15,
        "mAP": {
            "5": 11.580934455110269,
            "10": 12.543644133785909,
            "25": 15.017360760618677,
            "50": 16.394365544071082
        }
    },
    {
        "Alpha": 0.3,
        "Beta": 0.2,
        "mAP": {
            "5": 12.015909246084364,
            "10": 13.170698675834997,
            "25": 15.589743349066174,
            "50": 16.93534905884669
        }
    },
    {
        "Alpha": 0.3,
        "Beta": 0.25,
        "mAP": {
            "5": 12.677272905341603,
            "10": 13.923315827904101,
            "25": 16.138304004615005,
            "50": 17.492875489300456
        }
    },
    {
        "Alpha": 0.3,
        "Beta": 0.3,
        "mAP": {
            "5": 13.665277925743299,
            "10": 14.440330766903406,
            "25": 16.632339162328705,
            "50": 17.98691071347672
        }
    },
    {
        "Alpha": 0.3,
        "Beta": 0.35,
        "mAP": {
            "5": 14.207575918937271,
            "10": 14.799961544234645,
            "25": 16.975804062306203,
            "50": 18.330828842431814
        }
    },
    {
        "Alpha": 0.3,
        "Beta": 0.4,
        "mAP": {
            "5": 14.911111346022649,
            "10": 15.342470003630627,
            "25": 17.474131978286263,
            "50": 18.829156718618997
        }
    },
    {
        "Alpha": 0.3,
        "Beta": 0.45,
        "mAP": {
            "5": 15.843939627097411,
            "10": 16.171853992749345,
            "25": 18.261496071195737,
            "50": 19.616067607103933
        }
    },
    {
        "Alpha": 0.3,
        "Beta": 0.5,
        "mAP": {
            "5": 16.236363849179313,
            "10": 16.528177829882637,
            "25": 18.5956967998804,
            "50": 19.960336950501766
        }
    },
    {
        "Alpha": 0.3,
        "Beta": 0.55,
        "mAP": {
            "5": 16.379166899079625,
            "10": 16.652826142328028,
            "25": 18.718205907551404,
            "50": 20.08284599213353
        }
    },
    {
        "Alpha": 0.3,
        "Beta": 0.6,
        "mAP": {
            "5": 16.485227497125212,
            "10": 16.714031952433288,
            "25": 18.780043027363718,
            "50": 20.144294645446774
        }
    },
    {
        "Alpha": 0.3,
        "Beta": 0.65,
        "mAP": {
            "5": 16.507954770191148,
            "10": 16.706155563535336,
            "25": 18.788625302893873,
            "50": 20.152876921823587
        }
    },
    {
        "Alpha": 0.3,
        "Beta": 0.7,
        "mAP": {
            "5": 16.523106284439564,
            "10": 16.715625259940598,
            "25": 18.798094997605816,
            "50": 20.16234662330879
        }
    },
    {
        "Alpha": 0.3,
        "Beta": 0.75,
        "mAP": {
            "5": 16.523106284439564,
            "10": 16.715625259940598,
            "25": 18.798094997605816,
            "50": 20.16234662330879
        }
    },
    {
        "Alpha": 0.3,
        "Beta": 0.8,
        "mAP": {
            "5": 16.523106284439564,
            "10": 16.715625259940598,
            "25": 18.798094997605816,
            "50": 20.16234662330879
        }
    },
    {
        "Alpha": 0.3,
        "Beta": 0.85,
        "mAP": {
            "5": 16.523106284439564,
            "10": 16.715625259940598,
            "25": 18.798094997605816,
            "50": 20.16234662330879
        }
    },
    {
        "Alpha": 0.3,
        "Beta": 0.9,
        "mAP": {
            "5": 16.523106284439564,
            "10": 16.715625259940598,
            "25": 18.798094997605816,
            "50": 20.16234662330879
        }
    },
    {
        "Alpha": 0.3,
        "Beta": 0.95,
        "mAP": {
            "5": 16.523106284439564,
            "10": 16.715625259940598,
            "25": 18.798094997605816,
            "50": 20.16234662330879
        }
    },
    {
        "Alpha": 0.3,
        "Beta": 1.0,
        "mAP": {
            "5": 16.523106284439564,
            "10": 16.715625259940598,
            "25": 18.798094997605816,
            "50": 20.16234662330879
        }
    },
    {
        "Alpha": 0.35,
        "Beta": 0.05,
        "mAP": {
            "5": 11.487500120631672,
            "10": 12.770032965239475,
            "25": 15.460469858636234,
            "50": 16.699559821916573
        }
    },
    {
        "Alpha": 0.35,
        "Beta": 0.1,
        "mAP": {
            "5": 11.705176892944358,
            "10": 13.303564026613127,
            "25": 15.885940770491619,
            "50": 17.1061093671332
        }
    },
    {
        "Alpha": 0.35,
        "Beta": 0.15,
        "mAP": {
            "5": 12.556692106141284,
            "10": 14.106161338277163,
            "25": 16.677616303151645,
            "50": 17.852422975808043
        }
    },
    {
        "Alpha": 0.35,
        "Beta": 0.2,
        "mAP": {
            "5": 13.542803210968321,
            "10": 14.749863419512458,
            "25": 17.31128316436132,
            "50": 18.479555136820473
        }
    },
    {
        "Alpha": 0.35,
        "Beta": 0.25,
        "mAP": {
            "5": 14.227146684107456,
            "10": 15.234825463796204,
            "25": 17.74216555842114,
            "50": 18.910266446076673
        }
    },
    {
        "Alpha": 0.35,
        "Beta": 0.3,
        "mAP": {
            "5": 15.051010354337366,
            "10": 15.727854948914185,
            "25": 18.227943180298265,
            "50": 19.39604408467527
        }
    },
    {
        "Alpha": 0.35,
        "Beta": 0.35,
        "mAP": {
            "5": 16.397474963556636,
            "10": 16.79309364535253,
            "25": 19.27552882116288,
            "50": 20.44405053814196
        }
    },
    {
        "Alpha": 0.35,
        "Beta": 0.4,
        "mAP": {
            "5": 17.142929516055368,
            "10": 17.525485158813268,
            "25": 19.94463482575322,
            "50": 21.12364606444978
        }
    },
    {
        "Alpha": 0.35,
        "Beta": 0.45,
        "mAP": {
            "5": 17.227777997878466,
            "10": 17.59688025594435,
            "25": 19.974382851188153,
            "50": 21.152973209973425
        }
    },
    {
        "Alpha": 0.35,
        "Beta": 0.5,
        "mAP": {
            "5": 17.295581031252038,
            "10": 17.594616575251248,
            "25": 19.972678366625175,
            "50": 21.151268740650266
        }
    },
    {
        "Alpha": 0.35,
        "Beta": 0.55,
        "mAP": {
            "5": 17.403914367949422,
            "10": 17.68648616757921,
            "25": 20.08085462476381,
            "50": 21.25905647810379
        }
    },
    {
        "Alpha": 0.35,
        "Beta": 0.6,
        "mAP": {
            "5": 17.456944672898814,
            "10": 17.699533306824215,
            "25": 20.093942371366378,
            "50": 21.272144223859705
        }
    },
    {
        "Alpha": 0.35,
        "Beta": 0.65,
        "mAP": {
            "5": 17.472096187147226,
            "10": 17.709003001536157,
            "25": 20.10341206607832,
            "50": 21.281613918571647
        }
    },
    {
        "Alpha": 0.35,
        "Beta": 0.7,
        "mAP": {
            "5": 17.472096187147226,
            "10": 17.709003001536157,
            "25": 20.10341206607832,
            "50": 21.281613918571647
        }
    },
    {
        "Alpha": 0.35,
        "Beta": 0.75,
        "mAP": {
            "5": 17.472096187147226,
            "10": 17.709003001536157,
            "25": 20.10341206607832,
            "50": 21.281613918571647
        }
    },
    {
        "Alpha": 0.35,
        "Beta": 0.8,
        "mAP": {
            "5": 17.472096187147226,
            "10": 17.709003001536157,
            "25": 20.10341206607832,
            "50": 21.281613918571647
        }
    },
    {
        "Alpha": 0.35,
        "Beta": 0.85,
        "mAP": {
            "5": 17.472096187147226,
            "10": 17.709003001536157,
            "25": 20.10341206607832,
            "50": 21.281613918571647
        }
    },
    {
        "Alpha": 0.35,
        "Beta": 0.9,
        "mAP": {
            "5": 17.472096187147226,
            "10": 17.709003001536157,
            "25": 20.10341206607832,
            "50": 21.281613918571647
        }
    },
    {
        "Alpha": 0.35,
        "Beta": 0.95,
        "mAP": {
            "5": 17.472096187147226,
            "10": 17.709003001536157,
            "25": 20.10341206607832,
            "50": 21.281613918571647
        }
    },
    {
        "Alpha": 0.35,
        "Beta": 1.0,
        "mAP": {
            "5": 17.472096187147226,
            "10": 17.709003001536157,
            "25": 20.10341206607832,
            "50": 21.281613918571647
        }
    },
    {
        "Alpha": 0.4,
        "Beta": 0.05,
        "mAP": {
            "5": 13.532323314046318,
            "10": 15.166973862373693,
            "25": 17.7973533982665,
            "50": 18.934624700553037
        }
    },
    {
        "Alpha": 0.4,
        "Beta": 0.1,
        "mAP": {
            "5": 14.146591062572869,
            "10": 15.763116525486112,
            "25": 18.3037558612837,
            "50": 19.457539405716076
        }
    },
    {
        "Alpha": 0.4,
        "Beta": 0.15,
        "mAP": {
            "5": 14.80618709528988,
            "10": 16.533798058940604,
            "25": 18.938434135211125,
            "50": 20.108336431439966
        }
    },
    {
        "Alpha": 0.4,
        "Beta": 0.2,
        "mAP": {
            "5": 16.472348731688477,
            "10": 17.875402689996093,
            "25": 20.430862054821443,
            "50": 21.56941526167264
        }
    },
    {
        "Alpha": 0.4,
        "Beta": 0.25,
        "mAP": {
            "5": 17.1541669304398,
            "10": 18.454154006374832,
            "25": 20.967609583484855,
            "50": 22.098814860324968
        }
    },
    {
        "Alpha": 0.4,
        "Beta": 0.3,
        "mAP": {
            "5": 18.164646700024605,
            "10": 19.007906677540053,
            "25": 21.542483030141078,
            "50": 22.674109158952803
        }
    },
    {
        "Alpha": 0.4,
        "Beta": 0.35,
        "mAP": {
            "5": 18.460606331513688,
            "10": 19.237134411338378,
            "25": 21.712201249531724,
            "50": 22.854316853918135
        }
    },
    {
        "Alpha": 0.4,
        "Beta": 0.4,
        "mAP": {
            "5": 18.645959852094,
            "10": 19.352902186272498,
            "25": 21.772429745390333,
            "50": 22.914545344273478
        }
    },
    {
        "Alpha": 0.4,
        "Beta": 0.45,
        "mAP": {
            "5": 18.743308349089187,
            "10": 19.42144481041892,
            "25": 21.84221022550694,
            "50": 22.98390495294536
        }
    },
    {
        "Alpha": 0.4,
        "Beta": 0.5,
        "mAP": {
            "5": 18.77664168788628,
            "10": 19.439649167047303,
            "25": 21.876342437568713,
            "50": 23.017648684961554
        }
    },
    {
        "Alpha": 0.4,
        "Beta": 0.55,
        "mAP": {
            "5": 18.82967199283567,
            "10": 19.45101280527359,
            "25": 21.887746684845876,
            "50": 23.02905293139206
        }
    },
    {
        "Alpha": 0.4,
        "Beta": 0.6,
        "mAP": {
            "5": 18.844823507084087,
            "10": 19.46048249998553,
            "25": 21.897216379557822,
            "50": 23.038522626104
        }
    },
    {
        "Alpha": 0.4,
        "Beta": 0.65,
        "mAP": {
            "5": 18.844823507084087,
            "10": 19.46048249998553,
            "25": 21.897216379557822,
            "50": 23.038522626104
        }
    },
    {
        "Alpha": 0.4,
        "Beta": 0.7,
        "mAP": {
            "5": 18.844823507084087,
            "10": 19.46048249998553,
            "25": 21.897216379557822,
            "50": 23.038522626104
        }
    },
    {
        "Alpha": 0.4,
        "Beta": 0.75,
        "mAP": {
            "5": 18.844823507084087,
            "10": 19.46048249998553,
            "25": 21.897216379557822,
            "50": 23.038522626104
        }
    },
    {
        "Alpha": 0.4,
        "Beta": 0.8,
        "mAP": {
            "5": 18.844823507084087,
            "10": 19.46048249998553,
            "25": 21.897216379557822,
            "50": 23.038522626104
        }
    },
    {
        "Alpha": 0.4,
        "Beta": 0.85,
        "mAP": {
            "5": 18.844823507084087,
            "10": 19.46048249998553,
            "25": 21.897216379557822,
            "50": 23.038522626104
        }
    },
    {
        "Alpha": 0.4,
        "Beta": 0.9,
        "mAP": {
            "5": 18.844823507084087,
            "10": 19.46048249998553,
            "25": 21.897216379557822,
            "50": 23.038522626104
        }
    },
    {
        "Alpha": 0.4,
        "Beta": 0.95,
        "mAP": {
            "5": 18.844823507084087,
            "10": 19.46048249998553,
            "25": 21.897216379557822,
            "50": 23.038522626104
        }
    },
    {
        "Alpha": 0.4,
        "Beta": 1.0,
        "mAP": {
            "5": 18.844823507084087,
            "10": 19.46048249998553,
            "25": 21.897216379557822,
            "50": 23.038522626104
        }
    },
    {
        "Alpha": 0.45,
        "Beta": 0.05,
        "mAP": {
            "5": 16.422980007800188,
            "10": 17.98438677987592,
            "25": 20.426207924981348,
            "50": 21.452122544658117
        }
    },
    {
        "Alpha": 0.45,
        "Beta": 0.1,
        "mAP": {
            "5": 17.542929485101592,
            "10": 18.60021105417135,
            "25": 21.199670938817274,
            "50": 22.24136642413214
        }
    },
    {
        "Alpha": 0.45,
        "Beta": 0.15,
        "mAP": {
            "5": 19.28825780241327,
            "10": 20.474666930227116,
            "25": 22.987643325151026,
            "50": 24.035904920786958
        }
    },
    {
        "Alpha": 0.45,
        "Beta": 0.2,
        "mAP": {
            "5": 20.105555777183987,
            "10": 21.091942230916835,
            "25": 23.530953622592442,
            "50": 24.62471507468515
        }
    },
    {
        "Alpha": 0.45,
        "Beta": 0.25,
        "mAP": {
            "5": 19.948737594214354,
            "10": 20.914480065588247,
            "25": 23.42436675320972,
            "50": 24.524716048670765
        }
    },
    {
        "Alpha": 0.45,
        "Beta": 0.3,
        "mAP": {
            "5": 20.156565889377486,
            "10": 20.900310799056157,
            "25": 23.525119474242356,
            "50": 24.641384788873523
        }
    },
    {
        "Alpha": 0.45,
        "Beta": 0.35,
        "mAP": {
            "5": 20.20505074919625,
            "10": 20.853293263353407,
            "25": 23.463597052984618,
            "50": 24.579862390052188
        }
    },
    {
        "Alpha": 0.45,
        "Beta": 0.4,
        "mAP": {
            "5": 20.158333580263637,
            "10": 20.85658362135291,
            "25": 23.431994526393034,
            "50": 24.54783893528987
        }
    },
    {
        "Alpha": 0.45,
        "Beta": 0.45,
        "mAP": {
            "5": 20.16742449931123,
            "10": 20.80566971774467,
            "25": 23.407715819352727,
            "50": 24.52317172238095
        }
    },
    {
        "Alpha": 0.45,
        "Beta": 0.5,
        "mAP": {
            "5": 20.220454804260623,
            "10": 20.817033355970953,
            "25": 23.419710762206126,
            "50": 24.535166664387692
        }
    },
    {
        "Alpha": 0.45,
        "Beta": 0.55,
        "mAP": {
            "5": 20.235606311735783,
            "10": 20.826503050682895,
            "25": 23.429180463691328,
            "50": 24.544636365872893
        }
    },
    {
        "Alpha": 0.45,
        "Beta": 0.6,
        "mAP": {
            "5": 20.235606311735783,
            "10": 20.826503050682895,
            "25": 23.429180463691328,
            "50": 24.544636365872893
        }
    },
    {
        "Alpha": 0.45,
        "Beta": 0.65,
        "mAP": {
            "5": 20.235606311735783,
            "10": 20.826503050682895,
            "25": 23.429180463691328,
            "50": 24.544636365872893
        }
    },
    {
        "Alpha": 0.45,
        "Beta": 0.7,
        "mAP": {
            "5": 20.235606311735783,
            "10": 20.826503050682895,
            "25": 23.429180463691328,
            "50": 24.544636365872893
        }
    },
    {
        "Alpha": 0.45,
        "Beta": 0.75,
        "mAP": {
            "5": 20.235606311735783,
            "10": 20.826503050682895,
            "25": 23.429180463691328,
            "50": 24.544636365872893
        }
    },
    {
        "Alpha": 0.45,
        "Beta": 0.8,
        "mAP": {
            "5": 20.235606311735783,
            "10": 20.826503050682895,
            "25": 23.429180463691328,
            "50": 24.544636365872893
        }
    },
    {
        "Alpha": 0.45,
        "Beta": 0.85,
        "mAP": {
            "5": 20.235606311735783,
            "10": 20.826503050682895,
            "25": 23.429180463691328,
            "50": 24.544636365872893
        }
    },
    {
        "Alpha": 0.45,
        "Beta": 0.9,
        "mAP": {
            "5": 20.235606311735783,
            "10": 20.826503050682895,
            "25": 23.429180463691328,
            "50": 24.544636365872893
        }
    },
    {
        "Alpha": 0.45,
        "Beta": 0.95,
        "mAP": {
            "5": 20.235606311735783,
            "10": 20.826503050682895,
            "25": 23.429180463691328,
            "50": 24.544636365872893
        }
    },
    {
        "Alpha": 0.45,
        "Beta": 1.0,
        "mAP": {
            "5": 20.235606311735783,
            "10": 20.826503050682895,
            "25": 23.429180463691328,
            "50": 24.544636365872893
        }
    },
    {
        "Alpha": 0.5,
        "Beta": 0.05,
        "mAP": {
            "5": 21.51464669033885,
            "10": 22.60798799636012,
            "25": 24.99719284644181,
            "50": 26.045904687013138
        }
    },
    {
        "Alpha": 0.5,
        "Beta": 0.1,
        "mAP": {
            "5": 22.549621430649,
            "10": 23.112908895550806,
            "25": 25.615274484311655,
            "50": 26.663568362339653
        }
    },
    {
        "Alpha": 0.5,
        "Beta": 0.15,
        "mAP": {
            "5": 23.10921743681485,
            "10": 23.752132713456046,
            "25": 26.147937416734006,
            "50": 27.19001047186215
        }
    },
    {
        "Alpha": 0.5,
        "Beta": 0.2,
        "mAP": {
            "5": 22.710480068556286,
            "10": 23.618740540590476,
            "25": 25.924140554006126,
            "50": 26.99603795751252
        }
    },
    {
        "Alpha": 0.5,
        "Beta": 0.25,
        "mAP": {
            "5": 22.153283108703114,
            "10": 23.1907846164805,
            "25": 25.4544650409794,
            "50": 26.56476120316339
        }
    },
    {
        "Alpha": 0.5,
        "Beta": 0.3,
        "mAP": {
            "5": 21.883964939889584,
            "10": 22.986753953366794,
            "25": 25.32567272322591,
            "50": 26.42243224386634
        }
    },
    {
        "Alpha": 0.5,
        "Beta": 0.35,
        "mAP": {
            "5": 21.74835889176889,
            "10": 22.77758040338416,
            "25": 25.260004447138108,
            "50": 26.36683253761889
        }
    },
    {
        "Alpha": 0.5,
        "Beta": 0.4,
        "mAP": {
            "5": 21.667298293587837,
            "10": 22.577149536545306,
            "25": 25.130469087214973,
            "50": 26.23690870019015
        }
    },
    {
        "Alpha": 0.5,
        "Beta": 0.45,
        "mAP": {
            "5": 21.581439692527056,
            "10": 22.430654827251352,
            "25": 25.006628956180066,
            "50": 26.113068565768614
        }
    },
    {
        "Alpha": 0.5,
        "Beta": 0.5,
        "mAP": {
            "5": 21.54760130257769,
            "10": 22.35257641327652,
            "25": 24.9377043327232,
            "50": 26.04414393553849
        }
    },
    {
        "Alpha": 0.5,
        "Beta": 0.55,
        "mAP": {
            "5": 21.54760130257769,
            "10": 22.35257641327652,
            "25": 24.9377043327232,
            "50": 26.04414393553849
        }
    },
    {
        "Alpha": 0.5,
        "Beta": 0.6,
        "mAP": {
            "5": 21.54760130257769,
            "10": 22.35257641327652,
            "25": 24.9377043327232,
            "50": 26.04414393553849
        }
    },
    {
        "Alpha": 0.5,
        "Beta": 0.65,
        "mAP": {
            "5": 21.54760130257769,
            "10": 22.35257641327652,
            "25": 24.9377043327232,
            "50": 26.04414393553849
        }
    },
    {
        "Alpha": 0.5,
        "Beta": 0.7,
        "mAP": {
            "5": 21.54760130257769,
            "10": 22.35257641327652,
            "25": 24.9377043327232,
            "50": 26.04414393553849
        }
    },
    {
        "Alpha": 0.5,
        "Beta": 0.75,
        "mAP": {
            "5": 21.54760130257769,
            "10": 22.35257641327652,
            "25": 24.9377043327232,
            "50": 26.04414393553849
        }
    },
    {
        "Alpha": 0.5,
        "Beta": 0.8,
        "mAP": {
            "5": 21.54760130257769,
            "10": 22.35257641327652,
            "25": 24.9377043327232,
            "50": 26.04414393553849
        }
    },
    {
        "Alpha": 0.5,
        "Beta": 0.85,
        "mAP": {
            "5": 21.54760130257769,
            "10": 22.35257641327652,
            "25": 24.9377043327232,
            "50": 26.04414393553849
        }
    },
    {
        "Alpha": 0.5,
        "Beta": 0.9,
        "mAP": {
            "5": 21.54760130257769,
            "10": 22.35257641327652,
            "25": 24.9377043327232,
            "50": 26.04414393553849
        }
    },
    {
        "Alpha": 0.5,
        "Beta": 0.95,
        "mAP": {
            "5": 21.54760130257769,
            "10": 22.35257641327652,
            "25": 24.9377043327232,
            "50": 26.04414393553849
        }
    },
    {
        "Alpha": 0.5,
        "Beta": 1.0,
        "mAP": {
            "5": 21.54760130257769,
            "10": 22.35257641327652,
            "25": 24.9377043327232,
            "50": 26.04414393553849
        }
    },
    {
        "Alpha": 0.55,
        "Beta": 0.05,
        "mAP": {
            "5": 26.353156925602395,
            "10": 26.70587212185968,
            "25": 29.058255881536756,
            "50": 30.01057810361751
        }
    },
    {
        "Alpha": 0.55,
        "Beta": 0.1,
        "mAP": {
            "5": 26.9025256738744,
            "10": 27.16996699825607,
            "25": 29.485036886762828,
            "50": 30.458871156019583
        }
    },
    {
        "Alpha": 0.55,
        "Beta": 0.15,
        "mAP": {
            "5": 27.171591262925755,
            "10": 27.461871801113542,
            "25": 29.81690848542547,
            "50": 30.79380352917889
        }
    },
    {
        "Alpha": 0.55,
        "Beta": 0.2,
        "mAP": {
            "5": 26.705934689803556,
            "10": 26.923138589852236,
            "25": 29.33980884961784,
            "50": 30.3070327590897
        }
    },
    {
        "Alpha": 0.55,
        "Beta": 0.25,
        "mAP": {
            "5": 25.90871246870268,
            "10": 26.40452280725268,
            "25": 28.768211437008258,
            "50": 29.734297033865005
        }
    },
    {
        "Alpha": 0.55,
        "Beta": 0.3,
        "mAP": {
            "5": 25.07146498865702,
            "10": 25.74505470015786,
            "25": 28.148886626374654,
            "50": 29.124514701649208
        }
    },
    {
        "Alpha": 0.55,
        "Beta": 0.35,
        "mAP": {
            "5": 24.59179330447858,
            "10": 25.49947838214311,
            "25": 27.949924326544117,
            "50": 28.938664291689005
        }
    },
    {
        "Alpha": 0.55,
        "Beta": 0.4,
        "mAP": {
            "5": 24.084217538210478,
            "10": 24.750274859199468,
            "25": 27.370275033595547,
            "50": 28.358626501761712
        }
    },
    {
        "Alpha": 0.55,
        "Beta": 0.45,
        "mAP": {
            "5": 23.72285391458056,
            "10": 24.539420009506017,
            "25": 27.150121120185677,
            "50": 28.138472628991373
        }
    },
    {
        "Alpha": 0.55,
        "Beta": 0.5,
        "mAP": {
            "5": 23.489520580253817,
            "10": 24.291951260106128,
            "25": 26.925818212118678,
            "50": 27.914169714997776
        }
    },
    {
        "Alpha": 0.55,
        "Beta": 0.55,
        "mAP": {
            "5": 23.29053067686883,
            "10": 24.098748394965448,
            "25": 26.75712234234776,
            "50": 27.74547384861349
        }
    },
    {
        "Alpha": 0.55,
        "Beta": 0.6,
        "mAP": {
            "5": 23.29053067686883,
            "10": 24.098748394965448,
            "25": 26.75712234234776,
            "50": 27.74547384861349
        }
    },
    {
        "Alpha": 0.55,
        "Beta": 0.65,
        "mAP": {
            "5": 23.29053067686883,
            "10": 24.098748394965448,
            "25": 26.75712234234776,
            "50": 27.74547384861349
        }
    },
    {
        "Alpha": 0.55,
        "Beta": 0.7,
        "mAP": {
            "5": 23.29053067686883,
            "10": 24.098748394965448,
            "25": 26.75712234234776,
            "50": 27.74547384861349
        }
    },
    {
        "Alpha": 0.55,
        "Beta": 0.75,
        "mAP": {
            "5": 23.29053067686883,
            "10": 24.098748394965448,
            "25": 26.75712234234776,
            "50": 27.74547384861349
        }
    },
    {
        "Alpha": 0.55,
        "Beta": 0.8,
        "mAP": {
            "5": 23.29053067686883,
            "10": 24.098748394965448,
            "25": 26.75712234234776,
            "50": 27.74547384861349
        }
    },
    {
        "Alpha": 0.55,
        "Beta": 0.85,
        "mAP": {
            "5": 23.29053067686883,
            "10": 24.098748394965448,
            "25": 26.75712234234776,
            "50": 27.74547384861349
        }
    },
    {
        "Alpha": 0.55,
        "Beta": 0.9,
        "mAP": {
            "5": 23.29053067686883,
            "10": 24.098748394965448,
            "25": 26.75712234234776,
            "50": 27.74547384861349
        }
    },
    {
        "Alpha": 0.55,
        "Beta": 0.95,
        "mAP": {
            "5": 23.29053067686883,
            "10": 24.098748394965448,
            "25": 26.75712234234776,
            "50": 27.74547384861349
        }
    },
    {
        "Alpha": 0.55,
        "Beta": 1.0,
        "mAP": {
            "5": 23.29053067686883,
            "10": 24.098748394965448,
            "25": 26.75712234234776,
            "50": 27.74547384861349
        }
    },
    {
        "Alpha": 0.6,
        "Beta": 0.05,
        "mAP": {
            "5": 27.650000392036006,
            "10": 27.952001883055676,
            "25": 30.19816862630912,
            "50": 31.151432862335987
        }
    },
    {
        "Alpha": 0.6,
        "Beta": 0.1,
        "mAP": {
            "5": 28.109217568893325,
            "10": 28.40302553705194,
            "25": 30.586675100282513,
            "50": 31.5157738677226
        }
    },
    {
        "Alpha": 0.6,
        "Beta": 0.15,
        "mAP": {
            "5": 28.64949534562501,
            "10": 28.691599035466258,
            "25": 30.99163800562647,
            "50": 31.95319040403278
        }
    },
    {
        "Alpha": 0.6,
        "Beta": 0.2,
        "mAP": {
            "5": 28.179798302325338,
            "10": 28.093166330151938,
            "25": 30.546751559331,
            "50": 31.46731748182157
        }
    },
    {
        "Alpha": 0.6,
        "Beta": 0.25,
        "mAP": {
            "5": 27.825884148478508,
            "10": 27.821673617952246,
            "25": 30.30135199491104,
            "50": 31.211186179002237
        }
    },
    {
        "Alpha": 0.6,
        "Beta": 0.3,
        "mAP": {
            "5": 26.996591224927798,
            "10": 26.993778601119462,
            "25": 29.602768948852,
            "50": 30.528676339890808
        }
    },
    {
        "Alpha": 0.6,
        "Beta": 0.35,
        "mAP": {
            "5": 25.927651812407106,
            "10": 26.335180721838363,
            "25": 28.98293483642523,
            "50": 29.908453739798542
        }
    },
    {
        "Alpha": 0.6,
        "Beta": 0.4,
        "mAP": {
            "5": 25.55151547559283,
            "10": 25.98741847429086,
            "25": 28.691086612260815,
            "50": 29.61660545467484
        }
    },
    {
        "Alpha": 0.6,
        "Beta": 0.45,
        "mAP": {
            "5": 25.03851042721759,
            "10": 25.357897238467224,
            "25": 28.2091624177569,
            "50": 29.13468125509098
        }
    },
    {
        "Alpha": 0.6,
        "Beta": 0.5,
        "mAP": {
            "5": 24.638005385006014,
            "10": 25.071234718303785,
            "25": 27.934553795705803,
            "50": 28.860072624573313
        }
    },
    {
        "Alpha": 0.6,
        "Beta": 0.55,
        "mAP": {
            "5": 24.40467206422578,
            "10": 24.865342446348883,
            "25": 27.721784311897036,
            "50": 28.647303134837948
        }
    },
    {
        "Alpha": 0.6,
        "Beta": 0.6,
        "mAP": {
            "5": 24.205682157454163,
            "10": 24.67213958459483,
            "25": 27.55308842857961,
            "50": 28.478607258293774
        }
    },
    {
        "Alpha": 0.6,
        "Beta": 0.65,
        "mAP": {
            "5": 24.205682157454163,
            "10": 24.67213958459483,
            "25": 27.55308842857961,
            "50": 28.478607258293774
        }
    },
    {
        "Alpha": 0.6,
        "Beta": 0.7,
        "mAP": {
            "5": 24.205682157454163,
            "10": 24.67213958459483,
            "25": 27.55308842857961,
            "50": 28.478607258293774
        }
    },
    {
        "Alpha": 0.6,
        "Beta": 0.75,
        "mAP": {
            "5": 24.205682157454163,
            "10": 24.67213958459483,
            "25": 27.55308842857961,
            "50": 28.478607258293774
        }
    },
    {
        "Alpha": 0.6,
        "Beta": 0.8,
        "mAP": {
            "5": 24.205682157454163,
            "10": 24.67213958459483,
            "25": 27.55308842857961,
            "50": 28.478607258293774
        }
    },
    {
        "Alpha": 0.6,
        "Beta": 0.85,
        "mAP": {
            "5": 24.205682157454163,
            "10": 24.67213958459483,
            "25": 27.55308842857961,
            "50": 28.478607258293774
        }
    },
    {
        "Alpha": 0.6,
        "Beta": 0.9,
        "mAP": {
            "5": 24.205682157454163,
            "10": 24.67213958459483,
            "25": 27.55308842857961,
            "50": 28.478607258293774
        }
    },
    {
        "Alpha": 0.6,
        "Beta": 0.95,
        "mAP": {
            "5": 24.205682157454163,
            "10": 24.67213958459483,
            "25": 27.55308842857961,
            "50": 28.478607258293774
        }
    },
    {
        "Alpha": 0.6,
        "Beta": 1.0,
        "mAP": {
            "5": 24.205682157454163,
            "10": 24.67213958459483,
            "25": 27.55308842857961,
            "50": 28.478607258293774
        }
    },
    {
        "Alpha": 0.65,
        "Beta": 0.05,
        "mAP": {
            "5": 27.97500031576915,
            "10": 28.60761057246815,
            "25": 30.700530643490225,
            "50": 31.677547667217866
        }
    },
    {
        "Alpha": 0.65,
        "Beta": 0.1,
        "mAP": {
            "5": 28.23005084456368,
            "10": 28.792055900716644,
            "25": 31.004564337940376,
            "50": 31.925088742917236
        }
    },
    {
        "Alpha": 0.65,
        "Beta": 0.15,
        "mAP": {
            "5": 28.83358619091186,
            "10": 29.384131909094073,
            "25": 31.624043552966956,
            "50": 32.537017839706756
        }
    },
    {
        "Alpha": 0.65,
        "Beta": 0.2,
        "mAP": {
            "5": 28.67373771288178,
            "10": 28.88133983127773,
            "25": 31.1538801566613,
            "50": 32.127114121209495
        }
    },
    {
        "Alpha": 0.65,
        "Beta": 0.25,
        "mAP": {
            "5": 28.403283179822292,
            "10": 28.63176875324412,
            "25": 30.98641581156037,
            "50": 31.902535729618236
        }
    },
    {
        "Alpha": 0.65,
        "Beta": 0.3,
        "mAP": {
            "5": 27.63649028471925,
            "10": 28.031137496740982,
            "25": 30.354369688906115,
            "50": 31.27461640799249
        }
    },
    {
        "Alpha": 0.65,
        "Beta": 0.35,
        "mAP": {
            "5": 27.221843798390843,
            "10": 27.48733342201872,
            "25": 29.97758225664835,
            "50": 30.909299037249927
        }
    },
    {
        "Alpha": 0.65,
        "Beta": 0.4,
        "mAP": {
            "5": 26.380177119916137,
            "10": 27.251731829548426,
            "25": 29.7516179012812,
            "50": 30.68333467087624
        }
    },
    {
        "Alpha": 0.65,
        "Beta": 0.45,
        "mAP": {
            "5": 25.660227601501074,
            "10": 26.466346278955992,
            "25": 29.108085095120423,
            "50": 30.039801874875344
        }
    },
    {
        "Alpha": 0.65,
        "Beta": 0.5,
        "mAP": {
            "5": 25.29229831966487,
            "10": 25.98739476535808,
            "25": 28.722291822883893,
            "50": 29.65400861449201
        }
    },
    {
        "Alpha": 0.65,
        "Beta": 0.55,
        "mAP": {
            "5": 24.72133873707869,
            "10": 25.55943336676468,
            "25": 28.31295786467804,
            "50": 29.244674654592846
        }
    },
    {
        "Alpha": 0.65,
        "Beta": 0.6,
        "mAP": {
            "5": 24.506187237460505,
            "10": 25.364786494861953,
            "25": 28.09541104573079,
            "50": 29.027127805165946
        }
    },
    {
        "Alpha": 0.65,
        "Beta": 0.65,
        "mAP": {
            "5": 24.298106416721236,
            "10": 25.159606711346317,
            "25": 27.927834859371863,
            "50": 28.85955164590004
        }
    },
    {
        "Alpha": 0.65,
        "Beta": 0.7,
        "mAP": {
            "5": 24.298106416721236,
            "10": 25.159606711346317,
            "25": 27.927834859371863,
            "50": 28.85955164590004
        }
    },
    {
        "Alpha": 0.65,
        "Beta": 0.75,
        "mAP": {
            "5": 24.298106416721236,
            "10": 25.159606711346317,
            "25": 27.927834859371863,
            "50": 28.85955164590004
        }
    },
    {
        "Alpha": 0.65,
        "Beta": 0.8,
        "mAP": {
            "5": 24.298106416721236,
            "10": 25.159606711346317,
            "25": 27.927834859371863,
            "50": 28.85955164590004
        }
    },
    {
        "Alpha": 0.65,
        "Beta": 0.85,
        "mAP": {
            "5": 24.298106416721236,
            "10": 25.159606711346317,
            "25": 27.927834859371863,
            "50": 28.85955164590004
        }
    },
    {
        "Alpha": 0.65,
        "Beta": 0.9,
        "mAP": {
            "5": 24.298106416721236,
            "10": 25.159606711346317,
            "25": 27.927834859371863,
            "50": 28.85955164590004
        }
    },
    {
        "Alpha": 0.65,
        "Beta": 0.95,
        "mAP": {
            "5": 24.298106416721236,
            "10": 25.159606711346317,
            "25": 27.927834859371863,
            "50": 28.85955164590004
        }
    },
    {
        "Alpha": 0.65,
        "Beta": 1.0,
        "mAP": {
            "5": 24.298106416721236,
            "10": 25.159606711346317,
            "25": 27.927834859371863,
            "50": 28.85955164590004
        }
    },
    {
        "Alpha": 0.7,
        "Beta": 0.05,
        "mAP": {
            "5": 28.063889189877294,
            "10": 28.771933326074343,
            "25": 30.981715860014614,
            "50": 31.997194124851376
        }
    },
    {
        "Alpha": 0.7,
        "Beta": 0.1,
        "mAP": {
            "5": 28.349621488966726,
            "10": 28.8338171699169,
            "25": 31.154125889297575,
            "50": 32.16266844315793
        }
    },
    {
        "Alpha": 0.7,
        "Beta": 0.15,
        "mAP": {
            "5": 29.06994979828596,
            "10": 29.400686464187775,
            "25": 31.66659491835162,
            "50": 32.67943006665023
        }
    },
    {
        "Alpha": 0.7,
        "Beta": 0.2,
        "mAP": {
            "5": 28.691161947155543,
            "10": 29.109922302886844,
            "25": 31.497266195418145,
            "50": 32.467278848529205
        }
    },
    {
        "Alpha": 0.7,
        "Beta": 0.25,
        "mAP": {
            "5": 28.459722553803164,
            "10": 28.654471971941263,
            "25": 31.16820899663832,
            "50": 32.091102656188674
        }
    },
    {
        "Alpha": 0.7,
        "Beta": 0.3,
        "mAP": {
            "5": 28.132576105946843,
            "10": 28.299742130223997,
            "25": 30.854152370117266,
            "50": 31.786156505642627
        }
    },
    {
        "Alpha": 0.7,
        "Beta": 0.35,
        "mAP": {
            "5": 27.59810644117269,
            "10": 27.794699157926843,
            "25": 30.43785201470283,
            "50": 31.38650616186417
        }
    },
    {
        "Alpha": 0.7,
        "Beta": 0.4,
        "mAP": {
            "5": 27.255808458748188,
            "10": 27.417970573190935,
            "25": 30.20911729915745,
            "50": 31.157586444804274
        }
    },
    {
        "Alpha": 0.7,
        "Beta": 0.45,
        "mAP": {
            "5": 26.52184376323765,
            "10": 27.061558201570403,
            "25": 29.88100632115013,
            "50": 30.829475402451035
        }
    },
    {
        "Alpha": 0.7,
        "Beta": 0.5,
        "mAP": {
            "5": 26.19419221850959,
            "10": 26.62639828991484,
            "25": 29.512798013377257,
            "50": 30.46126710653136
        }
    },
    {
        "Alpha": 0.7,
        "Beta": 0.55,
        "mAP": {
            "5": 25.489773030646823,
            "10": 25.930116791278124,
            "25": 28.90063498021019,
            "50": 29.849104020871557
        }
    },
    {
        "Alpha": 0.7,
        "Beta": 0.6,
        "mAP": {
            "5": 24.788510435345497,
            "10": 25.473292626609854,
            "25": 28.484519503545012,
            "50": 29.432988588232543
        }
    },
    {
        "Alpha": 0.7,
        "Beta": 0.65,
        "mAP": {
            "5": 24.632449842650782,
            "10": 25.28237049425529,
            "25": 28.28711047620428,
            "50": 29.235579547345296
        }
    },
    {
        "Alpha": 0.7,
        "Beta": 0.7,
        "mAP": {
            "5": 24.4130053862252,
            "10": 25.083503842523154,
            "25": 28.109289306342937,
            "50": 29.05775838087059
        }
    },
    {
        "Alpha": 0.7,
        "Beta": 0.75,
        "mAP": {
            "5": 24.4130053862252,
            "10": 25.083503842523154,
            "25": 28.109289306342937,
            "50": 29.05775838087059
        }
    },
    {
        "Alpha": 0.7,
        "Beta": 0.8,
        "mAP": {
            "5": 24.4130053862252,
            "10": 25.083503842523154,
            "25": 28.109289306342937,
            "50": 29.05775838087059
        }
    },
    {
        "Alpha": 0.7,
        "Beta": 0.85,
        "mAP": {
            "5": 24.4130053862252,
            "10": 25.083503842523154,
            "25": 28.109289306342937,
            "50": 29.05775838087059
        }
    },
    {
        "Alpha": 0.7,
        "Beta": 0.9,
        "mAP": {
            "5": 24.4130053862252,
            "10": 25.083503842523154,
            "25": 28.109289306342937,
            "50": 29.05775838087059
        }
    },
    {
        "Alpha": 0.7,
        "Beta": 0.95,
        "mAP": {
            "5": 24.4130053862252,
            "10": 25.083503842523154,
            "25": 28.109289306342937,
            "50": 29.05775838087059
        }
    },
    {
        "Alpha": 0.7,
        "Beta": 1.0,
        "mAP": {
            "5": 24.4130053862252,
            "10": 25.083503842523154,
            "25": 28.109289306342937,
            "50": 29.05775838087059
        }
    },
    {
        "Alpha": 0.75,
        "Beta": 0.05,
        "mAP": {
            "5": 28.30176799134775,
            "10": 29.182777886109594,
            "25": 31.34908474135128,
            "50": 32.37139722967351
        }
    },
    {
        "Alpha": 0.75,
        "Beta": 0.1,
        "mAP": {
            "5": 28.3723488162187,
            "10": 29.11209854720668,
            "25": 31.371388109612532,
            "50": 32.36934468869797
        }
    },
    {
        "Alpha": 0.75,
        "Beta": 0.15,
        "mAP": {
            "5": 28.778283138844102,
            "10": 29.421075778082013,
            "25": 31.671258314639665,
            "50": 32.67182484311475
        }
    },
    {
        "Alpha": 0.75,
        "Beta": 0.2,
        "mAP": {
            "5": 28.930555874989793,
            "10": 29.595478298142552,
            "25": 31.847062828654256,
            "50": 32.83054825595834
        }
    },
    {
        "Alpha": 0.75,
        "Beta": 0.25,
        "mAP": {
            "5": 28.506565989757128,
            "10": 28.933835553682663,
            "25": 31.35794821809131,
            "50": 32.29782847814601
        }
    },
    {
        "Alpha": 0.75,
        "Beta": 0.3,
        "mAP": {
            "5": 28.439646827226333,
            "10": 28.830728624862704,
            "25": 31.307776850351893,
            "50": 32.23456669090824
        }
    },
    {
        "Alpha": 0.75,
        "Beta": 0.35,
        "mAP": {
            "5": 27.884470090608705,
            "10": 28.199198003011674,
            "25": 30.8142750301737,
            "50": 31.740507751025937
        }
    },
    {
        "Alpha": 0.75,
        "Beta": 0.4,
        "mAP": {
            "5": 27.510732740841128,
            "10": 27.72146989760751,
            "25": 30.438887357119132,
            "50": 31.381585107777603
        }
    },
    {
        "Alpha": 0.75,
        "Beta": 0.45,
        "mAP": {
            "5": 27.186995312910188,
            "10": 27.436498053879898,
            "25": 30.188039784870025,
            "50": 31.130737505683843
        }
    },
    {
        "Alpha": 0.75,
        "Beta": 0.5,
        "mAP": {
            "5": 26.533081160688944,
            "10": 27.075349164449356,
            "25": 29.90446792301637,
            "50": 30.8471655650911
        }
    },
    {
        "Alpha": 0.75,
        "Beta": 0.55,
        "mAP": {
            "5": 26.086995279924434,
            "10": 26.74747518348423,
            "25": 29.590062299870297,
            "50": 30.53276000459763
        }
    },
    {
        "Alpha": 0.75,
        "Beta": 0.6,
        "mAP": {
            "5": 25.39848517287861,
            "10": 26.07928105799312,
            "25": 29.032950831196185,
            "50": 29.975648537616838
        }
    },
    {
        "Alpha": 0.75,
        "Beta": 0.65,
        "mAP": {
            "5": 24.877525606954638,
            "10": 25.661550176075913,
            "25": 28.649025520267475,
            "50": 29.591723223301496
        }
    },
    {
        "Alpha": 0.75,
        "Beta": 0.7,
        "mAP": {
            "5": 24.711111484264787,
            "10": 25.46868004031818,
            "25": 28.445059507873587,
            "50": 29.387757193974473
        }
    },
    {
        "Alpha": 0.75,
        "Beta": 0.75,
        "mAP": {
            "5": 24.446212481707335,
            "10": 25.262237631461836,
            "25": 28.259662574114785,
            "50": 29.202360233122654
        }
    },
    {
        "Alpha": 0.75,
        "Beta": 0.8,
        "mAP": {
            "5": 24.446212481707335,
            "10": 25.262237631461836,
            "25": 28.259662574114785,
            "50": 29.202360233122654
        }
    },
    {
        "Alpha": 0.75,
        "Beta": 0.85,
        "mAP": {
            "5": 24.446212481707335,
            "10": 25.262237631461836,
            "25": 28.259662574114785,
            "50": 29.202360233122654
        }
    },
    {
        "Alpha": 0.75,
        "Beta": 0.9,
        "mAP": {
            "5": 24.446212481707335,
            "10": 25.262237631461836,
            "25": 28.259662574114785,
            "50": 29.202360233122654
        }
    },
    {
        "Alpha": 0.75,
        "Beta": 0.95,
        "mAP": {
            "5": 24.446212481707335,
            "10": 25.262237631461836,
            "25": 28.259662574114785,
            "50": 29.202360233122654
        }
    },
    {
        "Alpha": 0.75,
        "Beta": 1.0,
        "mAP": {
            "5": 24.446212481707335,
            "10": 25.262237631461836,
            "25": 28.259662574114785,
            "50": 29.202360233122654
        }
    },
    {
        "Alpha": 0.8,
        "Beta": 0.05,
        "mAP": {
            "5": 28.201389211145315,
            "10": 29.11502896257761,
            "25": 31.30279009717263,
            "50": 32.326285469303414
        }
    },
    {
        "Alpha": 0.8,
        "Beta": 0.1,
        "mAP": {
            "5": 28.426894266158342,
            "10": 29.175584062256597,
            "25": 31.41625377370722,
            "50": 32.38430711673573
        }
    },
    {
        "Alpha": 0.8,
        "Beta": 0.15,
        "mAP": {
            "5": 28.668687204745684,
            "10": 29.4186782582917,
            "25": 31.682652374306187,
            "50": 32.638908504847095
        }
    },
    {
        "Alpha": 0.8,
        "Beta": 0.2,
        "mAP": {
            "5": 28.94305588169531,
            "10": 29.73239370029081,
            "25": 32.031967264854096,
            "50": 32.98628939993002
        }
    },
    {
        "Alpha": 0.8,
        "Beta": 0.25,
        "mAP": {
            "5": 28.690656929869547,
            "10": 29.251545349305324,
            "25": 31.65425611194223,
            "50": 32.55789097567851
        }
    },
    {
        "Alpha": 0.8,
        "Beta": 0.3,
        "mAP": {
            "5": 28.53308116170493,
            "10": 28.937370932914995,
            "25": 31.408345059661023,
            "50": 32.30438870420171
        }
    },
    {
        "Alpha": 0.8,
        "Beta": 0.35,
        "mAP": {
            "5": 28.156060981140897,
            "10": 28.59636109576307,
            "25": 31.12410030624067,
            "50": 32.01877797149461
        }
    },
    {
        "Alpha": 0.8,
        "Beta": 0.4,
        "mAP": {
            "5": 27.604167053306643,
            "10": 27.998261102898553,
            "25": 30.668981671968304,
            "50": 31.580112968910147
        }
    },
    {
        "Alpha": 0.8,
        "Beta": 0.45,
        "mAP": {
            "5": 27.478030701591212,
            "10": 27.708906756544653,
            "25": 30.479061824100263,
            "50": 31.390008156357162
        }
    },
    {
        "Alpha": 0.8,
        "Beta": 0.5,
        "mAP": {
            "5": 26.995328659699723,
            "10": 27.455512681467965,
            "25": 30.265848620964046,
            "50": 31.176794913428076
        }
    },
    {
        "Alpha": 0.8,
        "Beta": 0.55,
        "mAP": {
            "5": 26.443055878308684,
            "10": 27.00588217174465,
            "25": 29.871393441730604,
            "50": 30.782339703714985
        }
    },
    {
        "Alpha": 0.8,
        "Beta": 0.6,
        "mAP": {
            "5": 26.00328315218741,
            "10": 26.682843736965552,
            "25": 29.589134871705692,
            "50": 30.50008115062321
        }
    },
    {
        "Alpha": 0.8,
        "Beta": 0.65,
        "mAP": {
            "5": 25.20909122953361,
            "10": 26.044062801890753,
            "25": 28.972962895323604,
            "50": 29.88390916746787
        }
    },
    {
        "Alpha": 0.8,
        "Beta": 0.7,
        "mAP": {
            "5": 24.922222564504906,
            "10": 25.71458049626513,
            "25": 28.717075460590426,
            "50": 29.62802174543454
        }
    },
    {
        "Alpha": 0.8,
        "Beta": 0.75,
        "mAP": {
            "5": 24.711111474104904,
            "10": 25.529737028462645,
            "25": 28.523328955793247,
            "50": 29.434275264343757
        }
    },
    {
        "Alpha": 0.8,
        "Beta": 0.8,
        "mAP": {
            "5": 24.37045490030538,
            "10": 25.244200104339555,
            "25": 28.257992599921472,
            "50": 29.168938858519223
        }
    },
    {
        "Alpha": 0.8,
        "Beta": 0.85,
        "mAP": {
            "5": 24.37045490030538,
            "10": 25.244200104339555,
            "25": 28.257992599921472,
            "50": 29.168938858519223
        }
    },
    {
        "Alpha": 0.8,
        "Beta": 0.9,
        "mAP": {
            "5": 24.37045490030538,
            "10": 25.244200104339555,
            "25": 28.257992599921472,
            "50": 29.168938858519223
        }
    },
    {
        "Alpha": 0.8,
        "Beta": 0.95,
        "mAP": {
            "5": 24.37045490030538,
            "10": 25.244200104339555,
            "25": 28.257992599921472,
            "50": 29.168938858519223
        }
    },
    {
        "Alpha": 0.8,
        "Beta": 1.0,
        "mAP": {
            "5": 24.37045490030538,
            "10": 25.244200104339555,
            "25": 28.257992599921472,
            "50": 29.168938858519223
        }
    },
    {
        "Alpha": 0.85,
        "Beta": 0.05,
        "mAP": {
            "5": 28.165404358032077,
            "10": 29.13430155889893,
            "25": 31.330612956080582,
            "50": 32.361824341351166
        }
    },
    {
        "Alpha": 0.85,
        "Beta": 0.1,
        "mAP": {
            "5": 28.49330838600343,
            "10": 29.11528562534262,
            "25": 31.3601378493265,
            "50": 32.42352048390206
        }
    },
    {
        "Alpha": 0.85,
        "Beta": 0.15,
        "mAP": {
            "5": 28.639015497809105,
            "10": 29.403784748336133,
            "25": 31.666105734396048,
            "50": 32.69164415954782
        }
    },
    {
        "Alpha": 0.85,
        "Beta": 0.2,
        "mAP": {
            "5": 29.0794195167043,
            "10": 29.76311094804921,
            "25": 32.036025023765184,
            "50": 33.07778327948075
        }
    },
    {
        "Alpha": 0.85,
        "Beta": 0.25,
        "mAP": {
            "5": 28.835353908891026,
            "10": 29.422674832696266,
            "25": 31.759951487606898,
            "50": 32.743181554198436
        }
    },
    {
        "Alpha": 0.85,
        "Beta": 0.3,
        "mAP": {
            "5": 28.349369044669647,
            "10": 28.953669302334838,
            "25": 31.327670498920433,
            "50": 32.30011316534894
        }
    },
    {
        "Alpha": 0.85,
        "Beta": 0.35,
        "mAP": {
            "5": 28.417677125808865,
            "10": 28.874848393554036,
            "25": 31.35142207315022,
            "50": 32.30999069256623
        }
    },
    {
        "Alpha": 0.85,
        "Beta": 0.4,
        "mAP": {
            "5": 27.91704586283727,
            "10": 28.33637134087357,
            "25": 30.947606774385676,
            "50": 31.905408781550992
        }
    },
    {
        "Alpha": 0.85,
        "Beta": 0.45,
        "mAP": {
            "5": 27.500884245065127,
            "10": 27.791895905340258,
            "25": 30.51737316566604,
            "50": 31.491825136631217
        }
    },
    {
        "Alpha": 0.85,
        "Beta": 0.5,
        "mAP": {
            "5": 27.236995314332574,
            "10": 27.539792954921722,
            "25": 30.330454828217622,
            "50": 31.304721820951354
        }
    },
    {
        "Alpha": 0.85,
        "Beta": 0.55,
        "mAP": {
            "5": 26.808965011415157,
            "10": 27.390839198434897,
            "25": 30.161054730415344,
            "50": 31.135321679969575
        }
    },
    {
        "Alpha": 0.85,
        "Beta": 0.6,
        "mAP": {
            "5": 26.469192259352315,
            "10": 26.933210502293974,
            "25": 29.83949150382118,
            "50": 30.813758465228602
        }
    },
    {
        "Alpha": 0.85,
        "Beta": 0.65,
        "mAP": {
            "5": 25.9886366806247,
            "10": 26.630501904609527,
            "25": 29.546609435399823,
            "50": 30.520876381567426
        }
    },
    {
        "Alpha": 0.85,
        "Beta": 0.7,
        "mAP": {
            "5": 25.050000329925254,
            "10": 26.004966515201062,
            "25": 28.924203827469185,
            "50": 29.898470773636788
        }
    },
    {
        "Alpha": 0.85,
        "Beta": 0.75,
        "mAP": {
            "5": 24.922222564504906,
            "10": 25.745154092596334,
            "25": 28.734479246830396,
            "50": 29.708746215857733
        }
    },
    {
        "Alpha": 0.85,
        "Beta": 0.8,
        "mAP": {
            "5": 24.715656929395415,
            "10": 25.559850666587323,
            "25": 28.51882918653163,
            "50": 29.493096155558966
        }
    },
    {
        "Alpha": 0.85,
        "Beta": 0.85,
        "mAP": {
            "5": 24.37045490030538,
            "10": 25.244200104339555,
            "25": 28.245905020528216,
            "50": 29.220171987015586
        }
    },
    {
        "Alpha": 0.85,
        "Beta": 0.9,
        "mAP": {
            "5": 24.37045490030538,
            "10": 25.244200104339555,
            "25": 28.245905020528216,
            "50": 29.220171987015586
        }
    },
    {
        "Alpha": 0.85,
        "Beta": 0.95,
        "mAP": {
            "5": 24.37045490030538,
            "10": 25.244200104339555,
            "25": 28.245905020528216,
            "50": 29.220171987015586
        }
    },
    {
        "Alpha": 0.85,
        "Beta": 1.0,
        "mAP": {
            "5": 24.37045490030538,
            "10": 25.244200104339555,
            "25": 28.245905020528216,
            "50": 29.220171987015586
        }
    },
    {
        "Alpha": 0.9,
        "Beta": 0.05,
        "mAP": {
            "5": 28.07070739228617,
            "10": 29.02125892949037,
            "25": 31.194854646455493,
            "50": 32.27553002356382
        }
    },
    {
        "Alpha": 0.9,
        "Beta": 0.1,
        "mAP": {
            "5": 28.536490234123036,
            "10": 29.162183210084386,
            "25": 31.343714361798696,
            "50": 32.47660574450327
        }
    },
    {
        "Alpha": 0.9,
        "Beta": 0.15,
        "mAP": {
            "5": 28.553030648353424,
            "10": 29.362328021617774,
            "25": 31.556910256728194,
            "50": 32.645093550037764
        }
    },
    {
        "Alpha": 0.9,
        "Beta": 0.2,
        "mAP": {
            "5": 29.250252849676393,
            "10": 29.854451676999982,
            "25": 32.14970890686593,
            "50": 33.214421545007184
        }
    },
    {
        "Alpha": 0.9,
        "Beta": 0.25,
        "mAP": {
            "5": 28.940404384312306,
            "10": 29.562860671430823,
            "25": 31.87915966253389,
            "50": 32.930557113669984
        }
    },
    {
        "Alpha": 0.9,
        "Beta": 0.3,
        "mAP": {
            "5": 28.486869042231277,
            "10": 29.018506657501515,
            "25": 31.406655654057182,
            "50": 32.43476039486598
        }
    },
    {
        "Alpha": 0.9,
        "Beta": 0.35,
        "mAP": {
            "5": 28.51919226856394,
            "10": 28.983411741527643,
            "25": 31.417796663431957,
            "50": 32.4308824883139
        }
    },
    {
        "Alpha": 0.9,
        "Beta": 0.4,
        "mAP": {
            "5": 28.10303069143133,
            "10": 28.484829126603223,
            "25": 30.97181575711478,
            "50": 31.98449416054328
        }
    },
    {
        "Alpha": 0.9,
        "Beta": 0.45,
        "mAP": {
            "5": 27.645833727649666,
            "10": 28.03753480992534,
            "25": 30.72287347591059,
            "50": 31.746440343241293
        }
    },
    {
        "Alpha": 0.9,
        "Beta": 0.5,
        "mAP": {
            "5": 27.386364044452254,
            "10": 27.691289922645822,
            "25": 30.45206605647267,
            "50": 31.480442982865497
        }
    },
    {
        "Alpha": 0.9,
        "Beta": 0.55,
        "mAP": {
            "5": 27.299116546796125,
            "10": 27.588268797844652,
            "25": 30.35458463074809,
            "50": 31.38296150739982
        }
    },
    {
        "Alpha": 0.9,
        "Beta": 0.6,
        "mAP": {
            "5": 26.628156910565764,
            "10": 27.1804057281803,
            "25": 30.01410799608989,
            "50": 31.04248481940224
        }
    },
    {
        "Alpha": 0.9,
        "Beta": 0.65,
        "mAP": {
            "5": 26.29646498032592,
            "10": 26.875920400700785,
            "25": 29.730164773592893,
            "50": 30.75854159521193
        }
    },
    {
        "Alpha": 0.9,
        "Beta": 0.7,
        "mAP": {
            "5": 25.77803060412407,
            "10": 26.385949201543223,
            "25": 29.302687219090085,
            "50": 30.331064083041966
        }
    },
    {
        "Alpha": 0.9,
        "Beta": 0.75,
        "mAP": {
            "5": 25.132828627459027,
            "10": 26.04999417523769,
            "25": 28.945135490291495,
            "50": 29.973512289897453
        }
    },
    {
        "Alpha": 0.9,
        "Beta": 0.8,
        "mAP": {
            "5": 24.925252874805167,
            "10": 25.801773884926334,
            "25": 28.743386803702876,
            "50": 29.7717636058488
        }
    },
    {
        "Alpha": 0.9,
        "Beta": 0.85,
        "mAP": {
            "5": 24.697727643969383,
            "10": 25.56535211899741,
            "25": 28.491506325927645,
            "50": 29.51988314839334
        }
    },
    {
        "Alpha": 0.9,
        "Beta": 0.9,
        "mAP": {
            "5": 24.384091269563545,
            "10": 25.256826374256473,
            "25": 28.241408251395278,
            "50": 29.269785057774488
        }
    },
    {
        "Alpha": 0.9,
        "Beta": 0.95,
        "mAP": {
            "5": 24.384091269563545,
            "10": 25.256826374256473,
            "25": 28.241408251395278,
            "50": 29.269785057774488
        }
    },
    {
        "Alpha": 0.9,
        "Beta": 1.0,
        "mAP": {
            "5": 24.384091269563545,
            "10": 25.256826374256473,
            "25": 28.241408251395278,
            "50": 29.269785057774488
        }
    },
    {
        "Alpha": 0.95,
        "Beta": 0.05,
        "mAP": {
            "5": 28.088889220221475,
            "10": 29.034137727100063,
            "25": 31.202885519755498,
            "50": 32.25864165007476
        }
    },
    {
        "Alpha": 0.95,
        "Beta": 0.1,
        "mAP": {
            "5": 28.49103568629785,
            "10": 29.16470847939226,
            "25": 31.37163079449568,
            "50": 32.46509292639199
        }
    },
    {
        "Alpha": 0.95,
        "Beta": 0.15,
        "mAP": {
            "5": 28.30984880978411,
            "10": 29.18844547673044,
            "25": 31.41548677326434,
            "50": 32.461344643432476
        }
    },
    {
        "Alpha": 0.95,
        "Beta": 0.2,
        "mAP": {
            "5": 28.87525286186825,
            "10": 29.43705418231812,
            "25": 31.760410402308807,
            "50": 32.78773819890127
        }
    },
    {
        "Alpha": 0.95,
        "Beta": 0.25,
        "mAP": {
            "5": 28.9085861955854,
            "10": 29.653046643361446,
            "25": 31.94117304445668,
            "50": 32.987111769510776
        }
    },
    {
        "Alpha": 0.95,
        "Beta": 0.3,
        "mAP": {
            "5": 28.78459633582018,
            "10": 29.34197945181619,
            "25": 31.73991552850401,
            "50": 32.73443913457661
        }
    },
    {
        "Alpha": 0.95,
        "Beta": 0.35,
        "mAP": {
            "5": 28.51489935408939,
            "10": 28.97602684457194,
            "25": 31.42269908492877,
            "50": 32.41447937875901
        }
    },
    {
        "Alpha": 0.95,
        "Beta": 0.4,
        "mAP": {
            "5": 28.52272764017636,
            "10": 28.941587210548196,
            "25": 31.40909573401917,
            "50": 32.39598313420588
        }
    },
    {
        "Alpha": 0.95,
        "Beta": 0.45,
        "mAP": {
            "5": 27.907954948869616,
            "10": 28.316548119553108,
            "25": 30.95316455276175,
            "50": 31.93948171937584
        }
    },
    {
        "Alpha": 0.95,
        "Beta": 0.5,
        "mAP": {
            "5": 27.54255091940815,
            "10": 27.87030198695985,
            "25": 30.60381744141606,
            "50": 31.601593224225905
        }
    },
    {
        "Alpha": 0.95,
        "Beta": 0.55,
        "mAP": {
            "5": 27.411616551266476,
            "10": 27.68851984630932,
            "25": 30.48497556814585,
            "50": 31.48756145150401
        }
    },
    {
        "Alpha": 0.95,
        "Beta": 0.6,
        "mAP": {
            "5": 27.109722594984554,
            "10": 27.55846182392402,
            "25": 30.33874291164631,
            "50": 31.341328708010472
        }
    },
    {
        "Alpha": 0.95,
        "Beta": 0.65,
        "mAP": {
            "5": 26.564268007535823,
            "10": 27.075714458796114,
            "25": 29.949187822639946,
            "50": 30.951773579211228
        }
    },
    {
        "Alpha": 0.95,
        "Beta": 0.7,
        "mAP": {
            "5": 26.178283147852525,
            "10": 26.840693124315955,
            "25": 29.712432916699484,
            "50": 30.71501865125769
        }
    },
    {
        "Alpha": 0.95,
        "Beta": 0.75,
        "mAP": {
            "5": 25.625000308183104,
            "10": 26.317552660845898,
            "25": 29.234970097684048,
            "50": 30.23755590674806
        }
    },
    {
        "Alpha": 0.95,
        "Beta": 0.8,
        "mAP": {
            "5": 25.132828627459027,
            "10": 26.049317757345058,
            "25": 28.96173670125956,
            "50": 29.96432249000381
        }
    },
    {
        "Alpha": 0.95,
        "Beta": 0.85,
        "mAP": {
            "5": 24.81010137633844,
            "10": 25.756289255381986,
            "25": 28.7150322442705,
            "50": 29.717618030474775
        }
    },
    {
        "Alpha": 0.95,
        "Beta": 0.9,
        "mAP": {
            "5": 24.710353912616316,
            "10": 25.59081306850368,
            "25": 28.53637353263118,
            "50": 29.538959278195925
        }
    },
    {
        "Alpha": 0.95,
        "Beta": 0.95,
        "mAP": {
            "5": 24.384091269563545,
            "10": 25.256826374256473,
            "25": 28.259331166574903,
            "50": 29.261916943465955
        }
    },
    {
        "Alpha": 0.95,
        "Beta": 1.0,
        "mAP": {
            "5": 24.384091269563545,
            "10": 25.256826374256473,
            "25": 28.259331166574903,
            "50": 29.261916943465955
        }
    }
]