[
    {
        "Alpha": 0.05,
        "Beta": 0.05,
        "Recall": {
            "1": 11.049988041138484,
            "5": 28.103324563501552,
            "10": 37.95742645300167,
            "50": 82.03779000239177
        }
    },
    {
        "Alpha": 0.05,
        "Beta": 0.1,
        "Recall": {
            "1": 11.36091844056446,
            "5": 28.701267639320736,
            "10": 39.15331260464004,
            "50": 82.03779000239177
        }
    },
    {
        "Alpha": 0.05,
        "Beta": 0.15,
        "Recall": {
            "1": 11.576177947859364,
            "5": 29.44271705333652,
            "10": 39.823008849557525,
            "50": 82.03779000239177
        }
    },
    {
        "Alpha": 0.05,
        "Beta": 0.2,
        "Recall": {
            "1": 11.86319062425257,
            "5": 30.18416646735231,
            "10": 40.85147093996652,
            "50": 82.03779000239177
        }
    },
    {
        "Alpha": 0.05,
        "Beta": 0.25,
        "Recall": {
            "1": 12.078450131547475,
            "5": 30.782109543171487,
            "10": 41.54508490791677,
            "50": 82.03779000239177
        }
    },
    {
        "Alpha": 0.05,
        "Beta": 0.3,
        "Recall": {
            "1": 12.150203300645778,
            "5": 31.40397034202344,
            "10": 42.31045204496532,
            "50": 82.03779000239177
        }
    },
    {
        "Alpha": 0.05,
        "Beta": 0.35,
        "Recall": {
            "1": 12.245874192776848,
            "5": 31.690983018416645,
            "10": 43.07581918201387,
            "50": 82.03779000239177
        }
    },
    {
        "Alpha": 0.05,
        "Beta": 0.4,
        "Recall": {
            "1": 12.41329825400622,
            "5": 32.145419756039225,
            "10": 43.64984453480029,
            "50": 82.03779000239177
        }
    },
    {
        "Alpha": 0.05,
        "Beta": 0.45,
        "Recall": {
            "1": 12.48505142310452,
            "5": 32.36067926333413,
            "10": 44.199952164553935,
            "50": 82.03779000239177
        }
    },
    {
        "Alpha": 0.05,
        "Beta": 0.5,
        "Recall": {
            "1": 12.461133700071752,
            "5": 32.671609662760105,
            "10": 44.726142071274815,
            "50": 82.03779000239177
        }
    },
    {
        "Alpha": 0.05,
        "Beta": 0.55,
        "Recall": {
            "1": 12.48505142310452,
            "5": 32.91078689308778,
            "10": 44.965319301602484,
            "50": 82.03779000239177
        }
    },
    {
        "Alpha": 0.05,
        "Beta": 0.6,
        "Recall": {
            "1": 12.50896914613729,
            "5": 33.14996412341545,
            "10": 45.15666108586463,
            "50": 82.03779000239177
        }
    },
    {
        "Alpha": 0.05,
        "Beta": 0.65,
        "Recall": {
            "1": 12.50896914613729,
            "5": 33.413059076775895,
            "10": 45.51542693135613,
            "50": 82.03779000239177
        }
    },
    {
        "Alpha": 0.05,
        "Beta": 0.7,
        "Recall": {
            "1": 12.50896914613729,
            "5": 33.7000717531691,
            "10": 45.82635733078211,
            "50": 82.03779000239177
        }
    },
    {
        "Alpha": 0.05,
        "Beta": 0.75,
        "Recall": {
            "1": 12.50896914613729,
            "5": 33.86749581439847,
            "10": 46.04161683807702,
            "50": 82.03779000239177
        }
    },
    {
        "Alpha": 0.05,
        "Beta": 0.8,
        "Recall": {
            "1": 12.556804592202822,
            "5": 33.91533126046401,
            "10": 46.20904089930639,
            "50": 82.03779000239177
        }
    },
    {
        "Alpha": 0.05,
        "Beta": 0.85,
        "Recall": {
            "1": 12.556804592202822,
            "5": 34.03491987562784,
            "10": 46.25687634537192,
            "50": 82.03779000239177
        }
    },
    {
        "Alpha": 0.05,
        "Beta": 0.9,
        "Recall": {
            "1": 12.58072231523559,
            "5": 34.15450849079168,
            "10": 46.35254723750299,
            "50": 82.03779000239177
        }
    },
    {
        "Alpha": 0.05,
        "Beta": 0.95,
        "Recall": {
            "1": 12.604640038268359,
            "5": 34.22626165988998,
            "10": 46.40038268356852,
            "50": 82.03779000239177
        }
    },
    {
        "Alpha": 0.05,
        "Beta": 1.0,
        "Recall": {
            "1": 12.604640038268359,
            "5": 34.22626165988998,
            "10": 46.40038268356852,
            "50": 82.03779000239177
        }
    },
    {
        "Alpha": 0.1,
        "Beta": 0.05,
        "Recall": {
            "1": 11.049988041138484,
            "5": 28.15116000956709,
            "10": 38.07701506816551,
            "50": 85.19492944271705
        }
    },
    {
        "Alpha": 0.1,
        "Beta": 0.1,
        "Recall": {
            "1": 11.408753886629992,
            "5": 28.773020808419037,
            "10": 39.20114805070558,
            "50": 85.19492944271705
        }
    },
    {
        "Alpha": 0.1,
        "Beta": 0.15,
        "Recall": {
            "1": 11.624013393924898,
            "5": 29.586223391533128,
            "10": 40.01435063381966,
            "50": 85.19492944271705
        }
    },
    {
        "Alpha": 0.1,
        "Beta": 0.2,
        "Recall": {
            "1": 11.911026070318105,
            "5": 30.399425974647215,
            "10": 41.06673044726142,
            "50": 85.19492944271705
        }
    },
    {
        "Alpha": 0.1,
        "Beta": 0.25,
        "Recall": {
            "1": 12.078450131547475,
            "5": 30.973451327433626,
            "10": 41.90385075340828,
            "50": 85.19492944271705
        }
    },
    {
        "Alpha": 0.1,
        "Beta": 0.3,
        "Recall": {
            "1": 12.150203300645778,
            "5": 31.47572351112174,
            "10": 42.71705333652236,
            "50": 85.19492944271705
        }
    },
    {
        "Alpha": 0.1,
        "Beta": 0.35,
        "Recall": {
            "1": 12.341545084907917,
            "5": 31.882324802678784,
            "10": 43.53025591963645,
            "50": 85.19492944271705
        }
    },
    {
        "Alpha": 0.1,
        "Beta": 0.4,
        "Recall": {
            "1": 12.461133700071752,
            "5": 32.265008371203066,
            "10": 44.17603444152117,
            "50": 85.19492944271705
        }
    },
    {
        "Alpha": 0.1,
        "Beta": 0.45,
        "Recall": {
            "1": 12.48505142310452,
            "5": 32.57593877062904,
            "10": 44.726142071274815,
            "50": 85.19492944271705
        }
    },
    {
        "Alpha": 0.1,
        "Beta": 0.5,
        "Recall": {
            "1": 12.48505142310452,
            "5": 32.88686917005501,
            "10": 45.084907916766326,
            "50": 85.19492944271705
        }
    },
    {
        "Alpha": 0.1,
        "Beta": 0.55,
        "Recall": {
            "1": 12.48505142310452,
            "5": 33.126046400382684,
            "10": 45.324085147093996,
            "50": 85.19492944271705
        }
    },
    {
        "Alpha": 0.1,
        "Beta": 0.6,
        "Recall": {
            "1": 12.50896914613729,
            "5": 33.48481224587419,
            "10": 45.611097823487206,
            "50": 85.19492944271705
        }
    },
    {
        "Alpha": 0.1,
        "Beta": 0.65,
        "Recall": {
            "1": 12.50896914613729,
            "5": 33.79574264530017,
            "10": 45.99378139201148,
            "50": 85.19492944271705
        }
    },
    {
        "Alpha": 0.1,
        "Beta": 0.7,
        "Recall": {
            "1": 12.50896914613729,
            "5": 33.96316670652954,
            "10": 46.232958622339154,
            "50": 85.19492944271705
        }
    },
    {
        "Alpha": 0.1,
        "Beta": 0.75,
        "Recall": {
            "1": 12.556804592202822,
            "5": 34.03491987562784,
            "10": 46.376464960535756,
            "50": 85.19492944271705
        }
    },
    {
        "Alpha": 0.1,
        "Beta": 0.8,
        "Recall": {
            "1": 12.556804592202822,
            "5": 34.178426213824444,
            "10": 46.42430040660129,
            "50": 85.19492944271705
        }
    },
    {
        "Alpha": 0.1,
        "Beta": 0.85,
        "Recall": {
            "1": 12.604640038268359,
            "5": 34.34585027505381,
            "10": 46.472135852666824,
            "50": 85.19492944271705
        }
    },
    {
        "Alpha": 0.1,
        "Beta": 0.9,
        "Recall": {
            "1": 12.604640038268359,
            "5": 34.34585027505381,
            "10": 46.49605357569959,
            "50": 85.19492944271705
        }
    },
    {
        "Alpha": 0.1,
        "Beta": 0.95,
        "Recall": {
            "1": 12.604640038268359,
            "5": 34.34585027505381,
            "10": 46.49605357569959,
            "50": 85.19492944271705
        }
    },
    {
        "Alpha": 0.1,
        "Beta": 1.0,
        "Recall": {
            "1": 12.604640038268359,
            "5": 34.34585027505381,
            "10": 46.49605357569959,
            "50": 85.19492944271705
        }
    },
    {
        "Alpha": 0.15,
        "Beta": 0.05,
        "Recall": {
            "1": 11.049988041138484,
            "5": 28.246830901698157,
            "10": 38.26835685242765,
            "50": 87.39535996173164
        }
    },
    {
        "Alpha": 0.15,
        "Beta": 0.1,
        "Recall": {
            "1": 11.456589332695527,
            "5": 28.892609423582876,
            "10": 39.55991389619708,
            "50": 87.27577134656781
        }
    },
    {
        "Alpha": 0.15,
        "Beta": 0.15,
        "Recall": {
            "1": 11.6957665630232,
            "5": 29.77756517579526,
            "10": 40.46878737144224,
            "50": 87.27577134656781
        }
    },
    {
        "Alpha": 0.15,
        "Beta": 0.2,
        "Recall": {
            "1": 12.006696962449174,
            "5": 30.566850035876588,
            "10": 41.3776608466874,
            "50": 87.27577134656781
        }
    },
    {
        "Alpha": 0.15,
        "Beta": 0.25,
        "Recall": {
            "1": 12.126285577613011,
            "5": 31.308299449892367,
            "10": 42.525711552260226,
            "50": 87.27577134656781
        }
    },
    {
        "Alpha": 0.15,
        "Beta": 0.3,
        "Recall": {
            "1": 12.245874192776848,
            "5": 31.858407079646017,
            "10": 43.41066730447262,
            "50": 87.27577134656781
        }
    },
    {
        "Alpha": 0.15,
        "Beta": 0.35,
        "Recall": {
            "1": 12.389380530973451,
            "5": 32.24109064817029,
            "10": 44.295623056685,
            "50": 87.27577134656781
        }
    },
    {
        "Alpha": 0.15,
        "Beta": 0.4,
        "Recall": {
            "1": 12.461133700071752,
            "5": 32.599856493661804,
            "10": 44.82181296340588,
            "50": 87.27577134656781
        }
    },
    {
        "Alpha": 0.15,
        "Beta": 0.45,
        "Recall": {
            "1": 12.461133700071752,
            "5": 33.05429323128438,
            "10": 45.34800287012676,
            "50": 87.27577134656781
        }
    },
    {
        "Alpha": 0.15,
        "Beta": 0.5,
        "Recall": {
            "1": 12.48505142310452,
            "5": 33.31738818464482,
            "10": 45.68285099258551,
            "50": 87.27577134656781
        }
    },
    {
        "Alpha": 0.15,
        "Beta": 0.55,
        "Recall": {
            "1": 12.50896914613729,
            "5": 33.723989476201865,
            "10": 45.87419277684764,
            "50": 87.27577134656781
        }
    },
    {
        "Alpha": 0.15,
        "Beta": 0.6,
        "Recall": {
            "1": 12.50896914613729,
            "5": 34.03491987562784,
            "10": 46.304711791437455,
            "50": 87.27577134656781
        }
    },
    {
        "Alpha": 0.15,
        "Beta": 0.65,
        "Recall": {
            "1": 12.50896914613729,
            "5": 34.178426213824444,
            "10": 46.51997129873236,
            "50": 87.27577134656781
        }
    },
    {
        "Alpha": 0.15,
        "Beta": 0.7,
        "Recall": {
            "1": 12.532886869170055,
            "5": 34.29801482898828,
            "10": 46.63955991389619,
            "50": 87.27577134656781
        }
    },
    {
        "Alpha": 0.15,
        "Beta": 0.75,
        "Recall": {
            "1": 12.604640038268359,
            "5": 34.632862951447024,
            "10": 46.73523080602727,
            "50": 87.27577134656781
        }
    },
    {
        "Alpha": 0.15,
        "Beta": 0.8,
        "Recall": {
            "1": 12.604640038268359,
            "5": 34.704616120545325,
            "10": 46.7830662520928,
            "50": 87.27577134656781
        }
    },
    {
        "Alpha": 0.15,
        "Beta": 0.85,
        "Recall": {
            "1": 12.604640038268359,
            "5": 34.704616120545325,
            "10": 46.7830662520928,
            "50": 87.27577134656781
        }
    },
    {
        "Alpha": 0.15,
        "Beta": 0.9,
        "Recall": {
            "1": 12.604640038268359,
            "5": 34.704616120545325,
            "10": 46.7830662520928,
            "50": 87.27577134656781
        }
    },
    {
        "Alpha": 0.15,
        "Beta": 0.95,
        "Recall": {
            "1": 12.604640038268359,
            "5": 34.704616120545325,
            "10": 46.7830662520928,
            "50": 87.27577134656781
        }
    },
    {
        "Alpha": 0.15,
        "Beta": 1.0,
        "Recall": {
            "1": 12.604640038268359,
            "5": 34.704616120545325,
            "10": 46.7830662520928,
            "50": 87.27577134656781
        }
    },
    {
        "Alpha": 0.2,
        "Beta": 0.05,
        "Recall": {
            "1": 11.07390576417125,
            "5": 28.31858407079646,
            "10": 38.72279359005022,
            "50": 88.54341066730447
        }
    },
    {
        "Alpha": 0.2,
        "Beta": 0.1,
        "Recall": {
            "1": 11.456589332695527,
            "5": 29.083951207845015,
            "10": 40.03826835685243,
            "50": 88.4477397751734
        }
    },
    {
        "Alpha": 0.2,
        "Beta": 0.15,
        "Recall": {
            "1": 11.6957665630232,
            "5": 30.08849557522124,
            "10": 41.28198995455632,
            "50": 88.4477397751734
        }
    },
    {
        "Alpha": 0.2,
        "Beta": 0.2,
        "Recall": {
            "1": 12.078450131547475,
            "5": 30.85386271226979,
            "10": 42.54962927529299,
            "50": 88.4477397751734
        }
    },
    {
        "Alpha": 0.2,
        "Beta": 0.25,
        "Recall": {
            "1": 12.150203300645778,
            "5": 31.690983018416645,
            "10": 43.86510404209519,
            "50": 88.4477397751734
        }
    },
    {
        "Alpha": 0.2,
        "Beta": 0.3,
        "Recall": {
            "1": 12.293709638842381,
            "5": 32.145419756039225,
            "10": 44.67830662520928,
            "50": 88.4477397751734
        }
    },
    {
        "Alpha": 0.2,
        "Beta": 0.35,
        "Recall": {
            "1": 12.437215977038987,
            "5": 32.69552738579287,
            "10": 45.37192059315953,
            "50": 88.4477397751734
        }
    },
    {
        "Alpha": 0.2,
        "Beta": 0.4,
        "Recall": {
            "1": 12.48505142310452,
            "5": 33.07821095431715,
            "10": 45.87419277684764,
            "50": 88.4477397751734
        }
    },
    {
        "Alpha": 0.2,
        "Beta": 0.45,
        "Recall": {
            "1": 12.50896914613729,
            "5": 33.38914135374312,
            "10": 46.20904089930639,
            "50": 88.4477397751734
        }
    },
    {
        "Alpha": 0.2,
        "Beta": 0.5,
        "Recall": {
            "1": 12.50896914613729,
            "5": 33.723989476201865,
            "10": 46.51997129873236,
            "50": 88.4477397751734
        }
    },
    {
        "Alpha": 0.2,
        "Beta": 0.55,
        "Recall": {
            "1": 12.50896914613729,
            "5": 34.01100215259507,
            "10": 46.7113130829945,
            "50": 88.4477397751734
        }
    },
    {
        "Alpha": 0.2,
        "Beta": 0.6,
        "Recall": {
            "1": 12.50896914613729,
            "5": 34.39368572111935,
            "10": 47.04616120545324,
            "50": 88.4477397751734
        }
    },
    {
        "Alpha": 0.2,
        "Beta": 0.65,
        "Recall": {
            "1": 12.628557761301124,
            "5": 34.72853384357809,
            "10": 47.285338435780915,
            "50": 88.4477397751734
        }
    },
    {
        "Alpha": 0.2,
        "Beta": 0.7,
        "Recall": {
            "1": 12.67639320736666,
            "5": 34.848122458741926,
            "10": 47.38100932791198,
            "50": 88.4477397751734
        }
    },
    {
        "Alpha": 0.2,
        "Beta": 0.75,
        "Recall": {
            "1": 12.67639320736666,
            "5": 34.848122458741926,
            "10": 47.357091604879216,
            "50": 88.4477397751734
        }
    },
    {
        "Alpha": 0.2,
        "Beta": 0.8,
        "Recall": {
            "1": 12.67639320736666,
            "5": 34.848122458741926,
            "10": 47.357091604879216,
            "50": 88.4477397751734
        }
    },
    {
        "Alpha": 0.2,
        "Beta": 0.85,
        "Recall": {
            "1": 12.67639320736666,
            "5": 34.848122458741926,
            "10": 47.357091604879216,
            "50": 88.4477397751734
        }
    },
    {
        "Alpha": 0.2,
        "Beta": 0.9,
        "Recall": {
            "1": 12.67639320736666,
            "5": 34.848122458741926,
            "10": 47.357091604879216,
            "50": 88.4477397751734
        }
    },
    {
        "Alpha": 0.2,
        "Beta": 0.95,
        "Recall": {
            "1": 12.67639320736666,
            "5": 34.848122458741926,
            "10": 47.357091604879216,
            "50": 88.4477397751734
        }
    },
    {
        "Alpha": 0.2,
        "Beta": 1.0,
        "Recall": {
            "1": 12.67639320736666,
            "5": 34.848122458741926,
            "10": 47.357091604879216,
            "50": 88.4477397751734
        }
    },
    {
        "Alpha": 0.25,
        "Beta": 0.05,
        "Recall": {
            "1": 11.07390576417125,
            "5": 28.629514470222432,
            "10": 40.11002152595073,
            "50": 89.06960057402536
        }
    },
    {
        "Alpha": 0.25,
        "Beta": 0.1,
        "Recall": {
            "1": 11.456589332695527,
            "5": 29.681894283664196,
            "10": 41.68859124611337,
            "50": 89.04568285099258
        }
    },
    {
        "Alpha": 0.25,
        "Beta": 0.15,
        "Recall": {
            "1": 11.791437455154268,
            "5": 30.566850035876588,
            "10": 43.31499641234154,
            "50": 89.04568285099258
        }
    },
    {
        "Alpha": 0.25,
        "Beta": 0.2,
        "Recall": {
            "1": 12.078450131547475,
            "5": 31.523558957187277,
            "10": 44.654388902176514,
            "50": 89.04568285099258
        }
    },
    {
        "Alpha": 0.25,
        "Beta": 0.25,
        "Recall": {
            "1": 12.150203300645778,
            "5": 32.31284381726859,
            "10": 45.51542693135613,
            "50": 89.04568285099258
        }
    },
    {
        "Alpha": 0.25,
        "Beta": 0.3,
        "Recall": {
            "1": 12.365462807940684,
            "5": 32.83903372398947,
            "10": 46.232958622339154,
            "50": 89.04568285099258
        }
    },
    {
        "Alpha": 0.25,
        "Beta": 0.35,
        "Recall": {
            "1": 12.461133700071752,
            "5": 33.31738818464482,
            "10": 46.8548194211911,
            "50": 89.04568285099258
        }
    },
    {
        "Alpha": 0.25,
        "Beta": 0.4,
        "Recall": {
            "1": 12.48505142310452,
            "5": 33.91533126046401,
            "10": 47.40492705094475,
            "50": 89.04568285099258
        }
    },
    {
        "Alpha": 0.25,
        "Beta": 0.45,
        "Recall": {
            "1": 12.48505142310452,
            "5": 34.20234393685721,
            "10": 47.64410428127242,
            "50": 89.04568285099258
        }
    },
    {
        "Alpha": 0.25,
        "Beta": 0.5,
        "Recall": {
            "1": 12.50896914613729,
            "5": 34.58502750538149,
            "10": 48.050705572829465,
            "50": 89.04568285099258
        }
    },
    {
        "Alpha": 0.25,
        "Beta": 0.55,
        "Recall": {
            "1": 12.628557761301124,
            "5": 35.11121741210237,
            "10": 48.24204735709161,
            "50": 89.04568285099258
        }
    },
    {
        "Alpha": 0.25,
        "Beta": 0.6,
        "Recall": {
            "1": 12.700310930399425,
            "5": 35.230806027266205,
            "10": 48.337718249222675,
            "50": 89.04568285099258
        }
    },
    {
        "Alpha": 0.25,
        "Beta": 0.65,
        "Recall": {
            "1": 12.700310930399425,
            "5": 35.230806027266205,
            "10": 48.337718249222675,
            "50": 89.04568285099258
        }
    },
    {
        "Alpha": 0.25,
        "Beta": 0.7,
        "Recall": {
            "1": 12.700310930399425,
            "5": 35.25472375029897,
            "10": 48.3138005261899,
            "50": 89.04568285099258
        }
    },
    {
        "Alpha": 0.25,
        "Beta": 0.75,
        "Recall": {
            "1": 12.700310930399425,
            "5": 35.25472375029897,
            "10": 48.3138005261899,
            "50": 89.04568285099258
        }
    },
    {
        "Alpha": 0.25,
        "Beta": 0.8,
        "Recall": {
            "1": 12.700310930399425,
            "5": 35.25472375029897,
            "10": 48.3138005261899,
            "50": 89.04568285099258
        }
    },
    {
        "Alpha": 0.25,
        "Beta": 0.85,
        "Recall": {
            "1": 12.700310930399425,
            "5": 35.25472375029897,
            "10": 48.3138005261899,
            "50": 89.04568285099258
        }
    },
    {
        "Alpha": 0.25,
        "Beta": 0.9,
        "Recall": {
            "1": 12.700310930399425,
            "5": 35.25472375029897,
            "10": 48.3138005261899,
            "50": 89.04568285099258
        }
    },
    {
        "Alpha": 0.25,
        "Beta": 0.95,
        "Recall": {
            "1": 12.700310930399425,
            "5": 35.25472375029897,
            "10": 48.3138005261899,
            "50": 89.04568285099258
        }
    },
    {
        "Alpha": 0.25,
        "Beta": 1.0,
        "Recall": {
            "1": 12.700310930399425,
            "5": 35.25472375029897,
            "10": 48.3138005261899,
            "50": 89.04568285099258
        }
    },
    {
        "Alpha": 0.3,
        "Beta": 0.05,
        "Recall": {
            "1": 11.09782348720402,
            "5": 29.44271705333652,
            "10": 44.75005979430758,
            "50": 89.619708203779
        }
    },
    {
        "Alpha": 0.3,
        "Beta": 0.1,
        "Recall": {
            "1": 11.552260224826597,
            "5": 30.829944989237024,
            "10": 46.08945228414255,
            "50": 89.50011958861516
        }
    },
    {
        "Alpha": 0.3,
        "Beta": 0.15,
        "Recall": {
            "1": 11.887108347285338,
            "5": 32.00191341784262,
            "10": 46.95049031332218,
            "50": 89.50011958861516
        }
    },
    {
        "Alpha": 0.3,
        "Beta": 0.2,
        "Recall": {
            "1": 12.078450131547475,
            "5": 33.030375508251616,
            "10": 47.739775173403494,
            "50": 89.50011958861516
        }
    },
    {
        "Alpha": 0.3,
        "Beta": 0.25,
        "Recall": {
            "1": 12.245874192776848,
            "5": 33.723989476201865,
            "10": 48.21812963405884,
            "50": 89.50011958861516
        }
    },
    {
        "Alpha": 0.3,
        "Beta": 0.3,
        "Recall": {
            "1": 12.41329825400622,
            "5": 34.465438890217655,
            "10": 48.83999043291078,
            "50": 89.50011958861516
        }
    },
    {
        "Alpha": 0.3,
        "Beta": 0.35,
        "Recall": {
            "1": 12.48505142310452,
            "5": 35.063381966036836,
            "10": 49.150920832336766,
            "50": 89.50011958861516
        }
    },
    {
        "Alpha": 0.3,
        "Beta": 0.4,
        "Recall": {
            "1": 12.50896914613729,
            "5": 35.63740731882325,
            "10": 49.43793350872997,
            "50": 89.50011958861516
        }
    },
    {
        "Alpha": 0.3,
        "Beta": 0.45,
        "Recall": {
            "1": 12.724228653432194,
            "5": 36.211432671609664,
            "10": 49.701028462090406,
            "50": 89.50011958861516
        }
    },
    {
        "Alpha": 0.3,
        "Beta": 0.5,
        "Recall": {
            "1": 12.795981822530495,
            "5": 36.42669217890457,
            "10": 49.74886390815595,
            "50": 89.50011958861516
        }
    },
    {
        "Alpha": 0.3,
        "Beta": 0.55,
        "Recall": {
            "1": 12.795981822530495,
            "5": 36.498445348002875,
            "10": 49.82061707725425,
            "50": 89.50011958861516
        }
    },
    {
        "Alpha": 0.3,
        "Beta": 0.6,
        "Recall": {
            "1": 12.795981822530495,
            "5": 36.498445348002875,
            "10": 49.79669935422148,
            "50": 89.50011958861516
        }
    },
    {
        "Alpha": 0.3,
        "Beta": 0.65,
        "Recall": {
            "1": 12.795981822530495,
            "5": 36.498445348002875,
            "10": 49.772781631188714,
            "50": 89.50011958861516
        }
    },
    {
        "Alpha": 0.3,
        "Beta": 0.7,
        "Recall": {
            "1": 12.795981822530495,
            "5": 36.498445348002875,
            "10": 49.772781631188714,
            "50": 89.50011958861516
        }
    },
    {
        "Alpha": 0.3,
        "Beta": 0.75,
        "Recall": {
            "1": 12.795981822530495,
            "5": 36.498445348002875,
            "10": 49.772781631188714,
            "50": 89.50011958861516
        }
    },
    {
        "Alpha": 0.3,
        "Beta": 0.8,
        "Recall": {
            "1": 12.795981822530495,
            "5": 36.498445348002875,
            "10": 49.772781631188714,
            "50": 89.50011958861516
        }
    },
    {
        "Alpha": 0.3,
        "Beta": 0.85,
        "Recall": {
            "1": 12.795981822530495,
            "5": 36.498445348002875,
            "10": 49.772781631188714,
            "50": 89.50011958861516
        }
    },
    {
        "Alpha": 0.3,
        "Beta": 0.9,
        "Recall": {
            "1": 12.795981822530495,
            "5": 36.498445348002875,
            "10": 49.772781631188714,
            "50": 89.50011958861516
        }
    },
    {
        "Alpha": 0.3,
        "Beta": 0.95,
        "Recall": {
            "1": 12.795981822530495,
            "5": 36.498445348002875,
            "10": 49.772781631188714,
            "50": 89.50011958861516
        }
    },
    {
        "Alpha": 0.3,
        "Beta": 1.0,
        "Recall": {
            "1": 12.795981822530495,
            "5": 36.498445348002875,
            "10": 49.772781631188714,
            "50": 89.50011958861516
        }
    },
    {
        "Alpha": 0.35,
        "Beta": 0.05,
        "Recall": {
            "1": 11.193494379335087,
            "5": 32.4563501554652,
            "10": 53.14518057880889,
            "50": 90.16981583353265
        }
    },
    {
        "Alpha": 0.35,
        "Beta": 0.1,
        "Recall": {
            "1": 11.552260224826597,
            "5": 33.723989476201865,
            "10": 53.623535039464244,
            "50": 90.09806266443434
        }
    },
    {
        "Alpha": 0.35,
        "Beta": 0.15,
        "Recall": {
            "1": 11.95886151638364,
            "5": 34.87204018177469,
            "10": 53.33652236307104,
            "50": 90.09806266443434
        }
    },
    {
        "Alpha": 0.35,
        "Beta": 0.2,
        "Recall": {
            "1": 12.150203300645778,
            "5": 35.78091365701985,
            "10": 52.88208562544846,
            "50": 90.09806266443434
        }
    },
    {
        "Alpha": 0.35,
        "Beta": 0.25,
        "Recall": {
            "1": 12.31762736187515,
            "5": 36.47452762497011,
            "10": 52.57115522602248,
            "50": 90.09806266443434
        }
    },
    {
        "Alpha": 0.35,
        "Beta": 0.3,
        "Recall": {
            "1": 12.461133700071752,
            "5": 36.976799808658214,
            "10": 52.47548433389141,
            "50": 90.09806266443434
        }
    },
    {
        "Alpha": 0.35,
        "Beta": 0.35,
        "Recall": {
            "1": 12.987323606792634,
            "5": 37.55082516144463,
            "10": 52.54723750298972,
            "50": 90.09806266443434
        }
    },
    {
        "Alpha": 0.35,
        "Beta": 0.4,
        "Recall": {
            "1": 13.0112413298254,
            "5": 37.790002391772305,
            "10": 52.71466156421909,
            "50": 90.09806266443434
        }
    },
    {
        "Alpha": 0.35,
        "Beta": 0.45,
        "Recall": {
            "1": 13.059076775890935,
            "5": 37.90959100693614,
            "10": 52.81033245635015,
            "50": 90.09806266443434
        }
    },
    {
        "Alpha": 0.35,
        "Beta": 0.5,
        "Recall": {
            "1": 13.059076775890935,
            "5": 37.98134417603444,
            "10": 52.90600334848122,
            "50": 90.09806266443434
        }
    },
    {
        "Alpha": 0.35,
        "Beta": 0.55,
        "Recall": {
            "1": 13.059076775890935,
            "5": 37.98134417603444,
            "10": 52.90600334848122,
            "50": 90.09806266443434
        }
    },
    {
        "Alpha": 0.35,
        "Beta": 0.6,
        "Recall": {
            "1": 13.059076775890935,
            "5": 37.98134417603444,
            "10": 52.88208562544846,
            "50": 90.09806266443434
        }
    },
    {
        "Alpha": 0.35,
        "Beta": 0.65,
        "Recall": {
            "1": 13.059076775890935,
            "5": 37.98134417603444,
            "10": 52.88208562544846,
            "50": 90.09806266443434
        }
    },
    {
        "Alpha": 0.35,
        "Beta": 0.7,
        "Recall": {
            "1": 13.059076775890935,
            "5": 37.98134417603444,
            "10": 52.88208562544846,
            "50": 90.09806266443434
        }
    },
    {
        "Alpha": 0.35,
        "Beta": 0.75,
        "Recall": {
            "1": 13.059076775890935,
            "5": 37.98134417603444,
            "10": 52.88208562544846,
            "50": 90.09806266443434
        }
    },
    {
        "Alpha": 0.35,
        "Beta": 0.8,
        "Recall": {
            "1": 13.059076775890935,
            "5": 37.98134417603444,
            "10": 52.88208562544846,
            "50": 90.09806266443434
        }
    },
    {
        "Alpha": 0.35,
        "Beta": 0.85,
        "Recall": {
            "1": 13.059076775890935,
            "5": 37.98134417603444,
            "10": 52.88208562544846,
            "50": 90.09806266443434
        }
    },
    {
        "Alpha": 0.35,
        "Beta": 0.9,
        "Recall": {
            "1": 13.059076775890935,
            "5": 37.98134417603444,
            "10": 52.88208562544846,
            "50": 90.09806266443434
        }
    },
    {
        "Alpha": 0.35,
        "Beta": 0.95,
        "Recall": {
            "1": 13.059076775890935,
            "5": 37.98134417603444,
            "10": 52.88208562544846,
            "50": 90.09806266443434
        }
    },
    {
        "Alpha": 0.35,
        "Beta": 1.0,
        "Recall": {
            "1": 13.059076775890935,
            "5": 37.98134417603444,
            "10": 52.88208562544846,
            "50": 90.09806266443434
        }
    },
    {
        "Alpha": 0.4,
        "Beta": 0.05,
        "Recall": {
            "1": 11.26524754843339,
            "5": 39.20114805070558,
            "10": 61.99473810093279,
            "50": 90.55249940205692
        }
    },
    {
        "Alpha": 0.4,
        "Beta": 0.1,
        "Recall": {
            "1": 11.624013393924898,
            "5": 39.91867974168859,
            "10": 61.80339631667066,
            "50": 90.45682850992586
        }
    },
    {
        "Alpha": 0.4,
        "Beta": 0.15,
        "Recall": {
            "1": 12.078450131547475,
            "5": 40.181774695049036,
            "10": 61.27720640994977,
            "50": 90.45682850992586
        }
    },
    {
        "Alpha": 0.4,
        "Beta": 0.2,
        "Recall": {
            "1": 13.274336283185843,
            "5": 40.56445826357331,
            "10": 59.69863668978713,
            "50": 90.45682850992586
        }
    },
    {
        "Alpha": 0.4,
        "Beta": 0.25,
        "Recall": {
            "1": 13.585266682611815,
            "5": 40.731882324802676,
            "10": 58.598421430279835,
            "50": 90.45682850992586
        }
    },
    {
        "Alpha": 0.4,
        "Beta": 0.3,
        "Recall": {
            "1": 13.633102128677349,
            "5": 40.56445826357331,
            "10": 57.59387706290361,
            "50": 90.45682850992586
        }
    },
    {
        "Alpha": 0.4,
        "Beta": 0.35,
        "Recall": {
            "1": 13.728773020808418,
            "5": 40.588375986606074,
            "10": 56.63716814159292,
            "50": 90.45682850992586
        }
    },
    {
        "Alpha": 0.4,
        "Beta": 0.4,
        "Recall": {
            "1": 13.752690743841187,
            "5": 40.63621143267161,
            "10": 56.44582635733079,
            "50": 90.45682850992586
        }
    },
    {
        "Alpha": 0.4,
        "Beta": 0.45,
        "Recall": {
            "1": 13.752690743841187,
            "5": 40.731882324802676,
            "10": 56.46974408036355,
            "50": 90.45682850992586
        }
    },
    {
        "Alpha": 0.4,
        "Beta": 0.5,
        "Recall": {
            "1": 13.752690743841187,
            "5": 40.731882324802676,
            "10": 56.44582635733079,
            "50": 90.45682850992586
        }
    },
    {
        "Alpha": 0.4,
        "Beta": 0.55,
        "Recall": {
            "1": 13.752690743841187,
            "5": 40.731882324802676,
            "10": 56.42190863429801,
            "50": 90.45682850992586
        }
    },
    {
        "Alpha": 0.4,
        "Beta": 0.6,
        "Recall": {
            "1": 13.752690743841187,
            "5": 40.731882324802676,
            "10": 56.42190863429801,
            "50": 90.45682850992586
        }
    },
    {
        "Alpha": 0.4,
        "Beta": 0.65,
        "Recall": {
            "1": 13.752690743841187,
            "5": 40.731882324802676,
            "10": 56.42190863429801,
            "50": 90.45682850992586
        }
    },
    {
        "Alpha": 0.4,
        "Beta": 0.7,
        "Recall": {
            "1": 13.752690743841187,
            "5": 40.731882324802676,
            "10": 56.42190863429801,
            "50": 90.45682850992586
        }
    },
    {
        "Alpha": 0.4,
        "Beta": 0.75,
        "Recall": {
            "1": 13.752690743841187,
            "5": 40.731882324802676,
            "10": 56.42190863429801,
            "50": 90.45682850992586
        }
    },
    {
        "Alpha": 0.4,
        "Beta": 0.8,
        "Recall": {
            "1": 13.752690743841187,
            "5": 40.731882324802676,
            "10": 56.42190863429801,
            "50": 90.45682850992586
        }
    },
    {
        "Alpha": 0.4,
        "Beta": 0.85,
        "Recall": {
            "1": 13.752690743841187,
            "5": 40.731882324802676,
            "10": 56.42190863429801,
            "50": 90.45682850992586
        }
    },
    {
        "Alpha": 0.4,
        "Beta": 0.9,
        "Recall": {
            "1": 13.752690743841187,
            "5": 40.731882324802676,
            "10": 56.42190863429801,
            "50": 90.45682850992586
        }
    },
    {
        "Alpha": 0.4,
        "Beta": 0.95,
        "Recall": {
            "1": 13.752690743841187,
            "5": 40.731882324802676,
            "10": 56.42190863429801,
            "50": 90.45682850992586
        }
    },
    {
        "Alpha": 0.4,
        "Beta": 1.0,
        "Recall": {
            "1": 13.752690743841187,
            "5": 40.731882324802676,
            "10": 56.42190863429801,
            "50": 90.45682850992586
        }
    },
    {
        "Alpha": 0.45,
        "Beta": 0.05,
        "Recall": {
            "1": 11.313082994498924,
            "5": 50.442477876106196,
            "10": 67.75890935182971,
            "50": 91.00693613967951
        }
    },
    {
        "Alpha": 0.45,
        "Beta": 0.1,
        "Recall": {
            "1": 11.6957665630232,
            "5": 49.84453480028701,
            "10": 67.37622578330543,
            "50": 90.95910069361398
        }
    },
    {
        "Alpha": 0.45,
        "Beta": 0.15,
        "Recall": {
            "1": 14.183209758430998,
            "5": 49.031332217172924,
            "10": 66.70652953838795,
            "50": 90.9351829705812
        }
    },
    {
        "Alpha": 0.45,
        "Beta": 0.2,
        "Recall": {
            "1": 14.326716096627601,
            "5": 48.0267878497967,
            "10": 65.79765606314278,
            "50": 90.9351829705812
        }
    },
    {
        "Alpha": 0.45,
        "Beta": 0.25,
        "Recall": {
            "1": 14.470222434824203,
            "5": 46.95049031332218,
            "10": 64.50609901937335,
            "50": 90.9351829705812
        }
    },
    {
        "Alpha": 0.45,
        "Beta": 0.3,
        "Recall": {
            "1": 14.51805788088974,
            "5": 46.49605357569959,
            "10": 62.95144702224348,
            "50": 90.9351829705812
        }
    },
    {
        "Alpha": 0.45,
        "Beta": 0.35,
        "Recall": {
            "1": 14.541975603922507,
            "5": 45.706768715618274,
            "10": 61.73164314757235,
            "50": 90.9351829705812
        }
    },
    {
        "Alpha": 0.45,
        "Beta": 0.4,
        "Recall": {
            "1": 14.541975603922507,
            "5": 45.3958383161923,
            "10": 60.63142788806506,
            "50": 90.9351829705812
        }
    },
    {
        "Alpha": 0.45,
        "Beta": 0.45,
        "Recall": {
            "1": 14.541975603922507,
            "5": 45.34800287012676,
            "10": 60.32049748863908,
            "50": 90.9351829705812
        }
    },
    {
        "Alpha": 0.45,
        "Beta": 0.5,
        "Recall": {
            "1": 14.541975603922507,
            "5": 45.37192059315953,
            "10": 60.29657976560632,
            "50": 90.9351829705812
        }
    },
    {
        "Alpha": 0.45,
        "Beta": 0.55,
        "Recall": {
            "1": 14.541975603922507,
            "5": 45.37192059315953,
            "10": 60.29657976560632,
            "50": 90.9351829705812
        }
    },
    {
        "Alpha": 0.45,
        "Beta": 0.6,
        "Recall": {
            "1": 14.541975603922507,
            "5": 45.37192059315953,
            "10": 60.29657976560632,
            "50": 90.9351829705812
        }
    },
    {
        "Alpha": 0.45,
        "Beta": 0.65,
        "Recall": {
            "1": 14.541975603922507,
            "5": 45.37192059315953,
            "10": 60.29657976560632,
            "50": 90.9351829705812
        }
    },
    {
        "Alpha": 0.45,
        "Beta": 0.7,
        "Recall": {
            "1": 14.541975603922507,
            "5": 45.37192059315953,
            "10": 60.29657976560632,
            "50": 90.9351829705812
        }
    },
    {
        "Alpha": 0.45,
        "Beta": 0.75,
        "Recall": {
            "1": 14.541975603922507,
            "5": 45.37192059315953,
            "10": 60.29657976560632,
            "50": 90.9351829705812
        }
    },
    {
        "Alpha": 0.45,
        "Beta": 0.8,
        "Recall": {
            "1": 14.541975603922507,
            "5": 45.37192059315953,
            "10": 60.29657976560632,
            "50": 90.9351829705812
        }
    },
    {
        "Alpha": 0.45,
        "Beta": 0.85,
        "Recall": {
            "1": 14.541975603922507,
            "5": 45.37192059315953,
            "10": 60.29657976560632,
            "50": 90.9351829705812
        }
    },
    {
        "Alpha": 0.45,
        "Beta": 0.9,
        "Recall": {
            "1": 14.541975603922507,
            "5": 45.37192059315953,
            "10": 60.29657976560632,
            "50": 90.9351829705812
        }
    },
    {
        "Alpha": 0.45,
        "Beta": 0.95,
        "Recall": {
            "1": 14.541975603922507,
            "5": 45.37192059315953,
            "10": 60.29657976560632,
            "50": 90.9351829705812
        }
    },
    {
        "Alpha": 0.45,
        "Beta": 1.0,
        "Recall": {
            "1": 14.541975603922507,
            "5": 45.37192059315953,
            "10": 60.29657976560632,
            "50": 90.9351829705812
        }
    },
    {
        "Alpha": 0.5,
        "Beta": 0.05,
        "Recall": {
            "1": 15.139918679741687,
            "5": 58.120066969624496,
            "10": 71.7053336522363,
            "50": 91.36570198517101
        }
    },
    {
        "Alpha": 0.5,
        "Beta": 0.1,
        "Recall": {
            "1": 15.403013633102129,
            "5": 57.68954795503468,
            "10": 71.29873236067927,
            "50": 91.36570198517101
        }
    },
    {
        "Alpha": 0.5,
        "Beta": 0.15,
        "Recall": {
            "1": 15.618273140397035,
            "5": 56.68500358765846,
            "10": 70.79646017699115,
            "50": 91.36570198517101
        }
    },
    {
        "Alpha": 0.5,
        "Beta": 0.2,
        "Recall": {
            "1": 15.785697201626405,
            "5": 55.46519971298732,
            "10": 69.98325759387706,
            "50": 91.36570198517101
        }
    },
    {
        "Alpha": 0.5,
        "Beta": 0.25,
        "Recall": {
            "1": 15.83353264769194,
            "5": 53.79095910069361,
            "10": 68.66778282707486,
            "50": 91.36570198517101
        }
    },
    {
        "Alpha": 0.5,
        "Beta": 0.3,
        "Recall": {
            "1": 15.83353264769194,
            "5": 52.40373116479311,
            "10": 67.23271944510883,
            "50": 91.36570198517101
        }
    },
    {
        "Alpha": 0.5,
        "Beta": 0.35,
        "Recall": {
            "1": 15.83353264769194,
            "5": 50.96866778282707,
            "10": 65.84549150920832,
            "50": 91.36570198517101
        }
    },
    {
        "Alpha": 0.5,
        "Beta": 0.4,
        "Recall": {
            "1": 15.83353264769194,
            "5": 49.94020569241808,
            "10": 64.50609901937335,
            "50": 91.36570198517101
        }
    },
    {
        "Alpha": 0.5,
        "Beta": 0.45,
        "Recall": {
            "1": 15.83353264769194,
            "5": 49.4140157856972,
            "10": 63.645060990193734,
            "50": 91.36570198517101
        }
    },
    {
        "Alpha": 0.5,
        "Beta": 0.5,
        "Recall": {
            "1": 15.83353264769194,
            "5": 49.127003109304,
            "10": 63.28629514470222,
            "50": 91.36570198517101
        }
    },
    {
        "Alpha": 0.5,
        "Beta": 0.55,
        "Recall": {
            "1": 15.83353264769194,
            "5": 49.127003109304,
            "10": 63.28629514470222,
            "50": 91.36570198517101
        }
    },
    {
        "Alpha": 0.5,
        "Beta": 0.6,
        "Recall": {
            "1": 15.83353264769194,
            "5": 49.127003109304,
            "10": 63.28629514470222,
            "50": 91.36570198517101
        }
    },
    {
        "Alpha": 0.5,
        "Beta": 0.65,
        "Recall": {
            "1": 15.83353264769194,
            "5": 49.127003109304,
            "10": 63.28629514470222,
            "50": 91.36570198517101
        }
    },
    {
        "Alpha": 0.5,
        "Beta": 0.7,
        "Recall": {
            "1": 15.83353264769194,
            "5": 49.127003109304,
            "10": 63.28629514470222,
            "50": 91.36570198517101
        }
    },
    {
        "Alpha": 0.5,
        "Beta": 0.75,
        "Recall": {
            "1": 15.83353264769194,
            "5": 49.127003109304,
            "10": 63.28629514470222,
            "50": 91.36570198517101
        }
    },
    {
        "Alpha": 0.5,
        "Beta": 0.8,
        "Recall": {
            "1": 15.83353264769194,
            "5": 49.127003109304,
            "10": 63.28629514470222,
            "50": 91.36570198517101
        }
    },
    {
        "Alpha": 0.5,
        "Beta": 0.85,
        "Recall": {
            "1": 15.83353264769194,
            "5": 49.127003109304,
            "10": 63.28629514470222,
            "50": 91.36570198517101
        }
    },
    {
        "Alpha": 0.5,
        "Beta": 0.9,
        "Recall": {
            "1": 15.83353264769194,
            "5": 49.127003109304,
            "10": 63.28629514470222,
            "50": 91.36570198517101
        }
    },
    {
        "Alpha": 0.5,
        "Beta": 0.95,
        "Recall": {
            "1": 15.83353264769194,
            "5": 49.127003109304,
            "10": 63.28629514470222,
            "50": 91.36570198517101
        }
    },
    {
        "Alpha": 0.5,
        "Beta": 1.0,
        "Recall": {
            "1": 15.83353264769194,
            "5": 49.127003109304,
            "10": 63.28629514470222,
            "50": 91.36570198517101
        }
    },
    {
        "Alpha": 0.55,
        "Beta": 0.05,
        "Recall": {
            "1": 31.61922984931834,
            "5": 62.5687634537192,
            "10": 74.16885912461134,
            "50": 91.70055010762975
        }
    },
    {
        "Alpha": 0.55,
        "Beta": 0.1,
        "Recall": {
            "1": 31.356134895957904,
            "5": 62.449174838555365,
            "10": 73.69050466395599,
            "50": 91.72446783066252
        }
    },
    {
        "Alpha": 0.55,
        "Beta": 0.15,
        "Recall": {
            "1": 28.964362592681177,
            "5": 61.68380770150682,
            "10": 73.04472614207127,
            "50": 91.72446783066252
        }
    },
    {
        "Alpha": 0.55,
        "Beta": 0.2,
        "Recall": {
            "1": 28.127242286534322,
            "5": 60.65534561109782,
            "10": 72.4467830662521,
            "50": 91.72446783066252
        }
    },
    {
        "Alpha": 0.55,
        "Beta": 0.25,
        "Recall": {
            "1": 27.672805548911743,
            "5": 58.765845491509204,
            "10": 71.633580483138,
            "50": 91.72446783066252
        }
    },
    {
        "Alpha": 0.55,
        "Beta": 0.3,
        "Recall": {
            "1": 27.17053336522363,
            "5": 57.11552260224827,
            "10": 70.29418799330304,
            "50": 91.72446783066252
        }
    },
    {
        "Alpha": 0.55,
        "Beta": 0.35,
        "Recall": {
            "1": 26.883520688830426,
            "5": 55.36952882085625,
            "10": 68.7156182731404,
            "50": 91.72446783066252
        }
    },
    {
        "Alpha": 0.55,
        "Beta": 0.4,
        "Recall": {
            "1": 26.66826118153552,
            "5": 53.86271226979191,
            "10": 67.6154030136331,
            "50": 91.72446783066252
        }
    },
    {
        "Alpha": 0.55,
        "Beta": 0.45,
        "Recall": {
            "1": 26.405166228175077,
            "5": 52.66682611815355,
            "10": 66.41951686199474,
            "50": 91.72446783066252
        }
    },
    {
        "Alpha": 0.55,
        "Beta": 0.5,
        "Recall": {
            "1": 26.357330782109546,
            "5": 52.02104759626883,
            "10": 65.46280794068404,
            "50": 91.72446783066252
        }
    },
    {
        "Alpha": 0.55,
        "Beta": 0.55,
        "Recall": {
            "1": 26.333413059076776,
            "5": 51.7579526429084,
            "10": 65.17579526429084,
            "50": 91.72446783066252
        }
    },
    {
        "Alpha": 0.55,
        "Beta": 0.6,
        "Recall": {
            "1": 26.333413059076776,
            "5": 51.7579526429084,
            "10": 65.17579526429084,
            "50": 91.72446783066252
        }
    },
    {
        "Alpha": 0.55,
        "Beta": 0.65,
        "Recall": {
            "1": 26.333413059076776,
            "5": 51.7579526429084,
            "10": 65.17579526429084,
            "50": 91.72446783066252
        }
    },
    {
        "Alpha": 0.55,
        "Beta": 0.7,
        "Recall": {
            "1": 26.333413059076776,
            "5": 51.7579526429084,
            "10": 65.17579526429084,
            "50": 91.72446783066252
        }
    },
    {
        "Alpha": 0.55,
        "Beta": 0.75,
        "Recall": {
            "1": 26.333413059076776,
            "5": 51.7579526429084,
            "10": 65.17579526429084,
            "50": 91.72446783066252
        }
    },
    {
        "Alpha": 0.55,
        "Beta": 0.8,
        "Recall": {
            "1": 26.333413059076776,
            "5": 51.7579526429084,
            "10": 65.17579526429084,
            "50": 91.72446783066252
        }
    },
    {
        "Alpha": 0.55,
        "Beta": 0.85,
        "Recall": {
            "1": 26.333413059076776,
            "5": 51.7579526429084,
            "10": 65.17579526429084,
            "50": 91.72446783066252
        }
    },
    {
        "Alpha": 0.55,
        "Beta": 0.9,
        "Recall": {
            "1": 26.333413059076776,
            "5": 51.7579526429084,
            "10": 65.17579526429084,
            "50": 91.72446783066252
        }
    },
    {
        "Alpha": 0.55,
        "Beta": 0.95,
        "Recall": {
            "1": 26.333413059076776,
            "5": 51.7579526429084,
            "10": 65.17579526429084,
            "50": 91.72446783066252
        }
    },
    {
        "Alpha": 0.55,
        "Beta": 1.0,
        "Recall": {
            "1": 26.333413059076776,
            "5": 51.7579526429084,
            "10": 65.17579526429084,
            "50": 91.72446783066252
        }
    },
    {
        "Alpha": 0.6,
        "Beta": 0.05,
        "Recall": {
            "1": 31.499641234154506,
            "5": 64.4104281272423,
            "10": 75.38866299928246,
            "50": 91.91580961492465
        }
    },
    {
        "Alpha": 0.6,
        "Beta": 0.1,
        "Recall": {
            "1": 31.57139440325281,
            "5": 64.4104281272423,
            "10": 75.07773259985649,
            "50": 91.91580961492465
        }
    },
    {
        "Alpha": 0.6,
        "Beta": 0.15,
        "Recall": {
            "1": 31.188710834728532,
            "5": 63.74073188232481,
            "10": 74.38411863190623,
            "50": 91.91580961492465
        }
    },
    {
        "Alpha": 0.6,
        "Beta": 0.2,
        "Recall": {
            "1": 29.323128438172684,
            "5": 62.54484573068644,
            "10": 73.88184644821813,
            "50": 91.91580961492465
        }
    },
    {
        "Alpha": 0.6,
        "Beta": 0.25,
        "Recall": {
            "1": 28.462090408993063,
            "5": 61.18153551781871,
            "10": 73.23606792633342,
            "50": 91.91580961492465
        }
    },
    {
        "Alpha": 0.6,
        "Beta": 0.3,
        "Recall": {
            "1": 27.72064099497728,
            "5": 59.31595312126285,
            "10": 71.89667543649844,
            "50": 91.91580961492465
        }
    },
    {
        "Alpha": 0.6,
        "Beta": 0.35,
        "Recall": {
            "1": 27.4097105955513,
            "5": 57.66563023200192,
            "10": 70.60511839272901,
            "50": 91.91580961492465
        }
    },
    {
        "Alpha": 0.6,
        "Beta": 0.4,
        "Recall": {
            "1": 26.859602965797656,
            "5": 56.06314278880651,
            "10": 69.26572590289405,
            "50": 91.91580961492465
        }
    },
    {
        "Alpha": 0.6,
        "Beta": 0.45,
        "Recall": {
            "1": 26.83568524276489,
            "5": 54.508490791676635,
            "10": 67.9741688591246,
            "50": 91.91580961492465
        }
    },
    {
        "Alpha": 0.6,
        "Beta": 0.5,
        "Recall": {
            "1": 26.572590289404445,
            "5": 53.19301602487443,
            "10": 66.85003587658454,
            "50": 91.91580961492465
        }
    },
    {
        "Alpha": 0.6,
        "Beta": 0.55,
        "Recall": {
            "1": 26.47691939727338,
            "5": 52.49940205692418,
            "10": 65.91724467830663,
            "50": 91.91580961492465
        }
    },
    {
        "Alpha": 0.6,
        "Beta": 0.6,
        "Recall": {
            "1": 26.45300167424061,
            "5": 52.28414254962927,
            "10": 65.63023200191341,
            "50": 91.91580961492465
        }
    },
    {
        "Alpha": 0.6,
        "Beta": 0.65,
        "Recall": {
            "1": 26.45300167424061,
            "5": 52.28414254962927,
            "10": 65.63023200191341,
            "50": 91.91580961492465
        }
    },
    {
        "Alpha": 0.6,
        "Beta": 0.7,
        "Recall": {
            "1": 26.45300167424061,
            "5": 52.28414254962927,
            "10": 65.63023200191341,
            "50": 91.91580961492465
        }
    },
    {
        "Alpha": 0.6,
        "Beta": 0.75,
        "Recall": {
            "1": 26.45300167424061,
            "5": 52.28414254962927,
            "10": 65.63023200191341,
            "50": 91.91580961492465
        }
    },
    {
        "Alpha": 0.6,
        "Beta": 0.8,
        "Recall": {
            "1": 26.45300167424061,
            "5": 52.28414254962927,
            "10": 65.63023200191341,
            "50": 91.91580961492465
        }
    },
    {
        "Alpha": 0.6,
        "Beta": 0.85,
        "Recall": {
            "1": 26.45300167424061,
            "5": 52.28414254962927,
            "10": 65.63023200191341,
            "50": 91.91580961492465
        }
    },
    {
        "Alpha": 0.6,
        "Beta": 0.9,
        "Recall": {
            "1": 26.45300167424061,
            "5": 52.28414254962927,
            "10": 65.63023200191341,
            "50": 91.91580961492465
        }
    },
    {
        "Alpha": 0.6,
        "Beta": 0.95,
        "Recall": {
            "1": 26.45300167424061,
            "5": 52.28414254962927,
            "10": 65.63023200191341,
            "50": 91.91580961492465
        }
    },
    {
        "Alpha": 0.6,
        "Beta": 1.0,
        "Recall": {
            "1": 26.45300167424061,
            "5": 52.28414254962927,
            "10": 65.63023200191341,
            "50": 91.91580961492465
        }
    },
    {
        "Alpha": 0.65,
        "Beta": 0.05,
        "Recall": {
            "1": 31.47572351112174,
            "5": 65.00837120306147,
            "10": 76.36928964362593,
            "50": 92.20282229131786
        }
    },
    {
        "Alpha": 0.65,
        "Beta": 0.1,
        "Recall": {
            "1": 31.64314757235111,
            "5": 65.41497249461852,
            "10": 76.22578330542932,
            "50": 92.1789045682851
        }
    },
    {
        "Alpha": 0.65,
        "Beta": 0.15,
        "Recall": {
            "1": 31.260464003826836,
            "5": 64.74527624970104,
            "10": 75.79526429083951,
            "50": 92.1789045682851
        }
    },
    {
        "Alpha": 0.65,
        "Beta": 0.2,
        "Recall": {
            "1": 30.51901458981105,
            "5": 63.5254723750299,
            "10": 75.2929921071514,
            "50": 92.1789045682851
        }
    },
    {
        "Alpha": 0.65,
        "Beta": 0.25,
        "Recall": {
            "1": 30.040660129155704,
            "5": 62.64051662281751,
            "10": 74.33628318584071,
            "50": 92.1789045682851
        }
    },
    {
        "Alpha": 0.65,
        "Beta": 0.3,
        "Recall": {
            "1": 29.323128438172684,
            "5": 61.301124132982544,
            "10": 73.33173881846449,
            "50": 92.1789045682851
        }
    },
    {
        "Alpha": 0.65,
        "Beta": 0.35,
        "Recall": {
            "1": 27.911982779239413,
            "5": 59.626883520688835,
            "10": 72.11193494379336,
            "50": 92.1789045682851
        }
    },
    {
        "Alpha": 0.65,
        "Beta": 0.4,
        "Recall": {
            "1": 27.52929921071514,
            "5": 57.92872518536235,
            "10": 71.0595551303516,
            "50": 92.1789045682851
        }
    },
    {
        "Alpha": 0.65,
        "Beta": 0.45,
        "Recall": {
            "1": 27.098780196125325,
            "5": 56.51757952642909,
            "10": 69.74408036354939,
            "50": 92.1789045682851
        }
    },
    {
        "Alpha": 0.65,
        "Beta": 0.5,
        "Recall": {
            "1": 26.931356134895957,
            "5": 54.79550346806984,
            "10": 68.52427648887826,
            "50": 92.1789045682851
        }
    },
    {
        "Alpha": 0.65,
        "Beta": 0.55,
        "Recall": {
            "1": 26.66826118153552,
            "5": 53.480028701267635,
            "10": 67.23271944510883,
            "50": 92.1789045682851
        }
    },
    {
        "Alpha": 0.65,
        "Beta": 0.6,
        "Recall": {
            "1": 26.572590289404445,
            "5": 52.73857928725185,
            "10": 66.46735230806027,
            "50": 92.1789045682851
        }
    },
    {
        "Alpha": 0.65,
        "Beta": 0.65,
        "Recall": {
            "1": 26.548672566371685,
            "5": 52.47548433389141,
            "10": 66.084668739536,
            "50": 92.1789045682851
        }
    },
    {
        "Alpha": 0.65,
        "Beta": 0.7,
        "Recall": {
            "1": 26.548672566371685,
            "5": 52.47548433389141,
            "10": 66.084668739536,
            "50": 92.1789045682851
        }
    },
    {
        "Alpha": 0.65,
        "Beta": 0.75,
        "Recall": {
            "1": 26.548672566371685,
            "5": 52.47548433389141,
            "10": 66.084668739536,
            "50": 92.1789045682851
        }
    },
    {
        "Alpha": 0.65,
        "Beta": 0.8,
        "Recall": {
            "1": 26.548672566371685,
            "5": 52.47548433389141,
            "10": 66.084668739536,
            "50": 92.1789045682851
        }
    },
    {
        "Alpha": 0.65,
        "Beta": 0.85,
        "Recall": {
            "1": 26.548672566371685,
            "5": 52.47548433389141,
            "10": 66.084668739536,
            "50": 92.1789045682851
        }
    },
    {
        "Alpha": 0.65,
        "Beta": 0.9,
        "Recall": {
            "1": 26.548672566371685,
            "5": 52.47548433389141,
            "10": 66.084668739536,
            "50": 92.1789045682851
        }
    },
    {
        "Alpha": 0.65,
        "Beta": 0.95,
        "Recall": {
            "1": 26.548672566371685,
            "5": 52.47548433389141,
            "10": 66.084668739536,
            "50": 92.1789045682851
        }
    },
    {
        "Alpha": 0.65,
        "Beta": 1.0,
        "Recall": {
            "1": 26.548672566371685,
            "5": 52.47548433389141,
            "10": 66.084668739536,
            "50": 92.1789045682851
        }
    },
    {
        "Alpha": 0.7,
        "Beta": 0.05,
        "Recall": {
            "1": 31.356134895957904,
            "5": 65.27146615642191,
            "10": 77.03898588854341,
            "50": 92.48983496771108
        }
    },
    {
        "Alpha": 0.7,
        "Beta": 0.1,
        "Recall": {
            "1": 31.714900741449416,
            "5": 65.60631427888065,
            "10": 76.91939727337957,
            "50": 92.44199952164553
        }
    },
    {
        "Alpha": 0.7,
        "Beta": 0.15,
        "Recall": {
            "1": 31.260464003826836,
            "5": 65.19971298732361,
            "10": 76.70413776608467,
            "50": 92.44199952164553
        }
    },
    {
        "Alpha": 0.7,
        "Beta": 0.2,
        "Recall": {
            "1": 30.782109543171487,
            "5": 64.31475723511122,
            "10": 76.03444152116718,
            "50": 92.44199952164553
        }
    },
    {
        "Alpha": 0.7,
        "Beta": 0.25,
        "Recall": {
            "1": 30.208084190385076,
            "5": 63.5254723750299,
            "10": 75.34082755321694,
            "50": 92.44199952164553
        }
    },
    {
        "Alpha": 0.7,
        "Beta": 0.3,
        "Recall": {
            "1": 29.80148289882803,
            "5": 62.71226979191581,
            "10": 74.33628318584071,
            "50": 92.44199952164553
        }
    },
    {
        "Alpha": 0.7,
        "Beta": 0.35,
        "Recall": {
            "1": 28.964362592681177,
            "5": 61.133700071753175,
            "10": 73.37957426453,
            "50": 92.44199952164553
        }
    },
    {
        "Alpha": 0.7,
        "Beta": 0.4,
        "Recall": {
            "1": 28.198995455632627,
            "5": 59.69863668978713,
            "10": 72.15977038985889,
            "50": 92.44199952164553
        }
    },
    {
        "Alpha": 0.7,
        "Beta": 0.45,
        "Recall": {
            "1": 27.52929921071514,
            "5": 58.09614924659172,
            "10": 70.96388423822052,
            "50": 92.44199952164553
        }
    },
    {
        "Alpha": 0.7,
        "Beta": 0.5,
        "Recall": {
            "1": 27.098780196125325,
            "5": 56.73283903372399,
            "10": 69.91150442477876,
            "50": 92.44199952164553
        }
    },
    {
        "Alpha": 0.7,
        "Beta": 0.55,
        "Recall": {
            "1": 26.883520688830426,
            "5": 55.13035159052858,
            "10": 68.7873714422387,
            "50": 92.44199952164553
        }
    },
    {
        "Alpha": 0.7,
        "Beta": 0.6,
        "Recall": {
            "1": 26.620425735469983,
            "5": 53.74312365462808,
            "10": 67.56756756756756,
            "50": 92.44199952164553
        }
    },
    {
        "Alpha": 0.7,
        "Beta": 0.65,
        "Recall": {
            "1": 26.500837120306148,
            "5": 52.90600334848122,
            "10": 66.6586940923224,
            "50": 92.44199952164553
        }
    },
    {
        "Alpha": 0.7,
        "Beta": 0.7,
        "Recall": {
            "1": 26.47691939727338,
            "5": 52.64290839512078,
            "10": 66.25209280076537,
            "50": 92.44199952164553
        }
    },
    {
        "Alpha": 0.7,
        "Beta": 0.75,
        "Recall": {
            "1": 26.47691939727338,
            "5": 52.64290839512078,
            "10": 66.25209280076537,
            "50": 92.44199952164553
        }
    },
    {
        "Alpha": 0.7,
        "Beta": 0.8,
        "Recall": {
            "1": 26.47691939727338,
            "5": 52.64290839512078,
            "10": 66.25209280076537,
            "50": 92.44199952164553
        }
    },
    {
        "Alpha": 0.7,
        "Beta": 0.85,
        "Recall": {
            "1": 26.47691939727338,
            "5": 52.64290839512078,
            "10": 66.25209280076537,
            "50": 92.44199952164553
        }
    },
    {
        "Alpha": 0.7,
        "Beta": 0.9,
        "Recall": {
            "1": 26.47691939727338,
            "5": 52.64290839512078,
            "10": 66.25209280076537,
            "50": 92.44199952164553
        }
    },
    {
        "Alpha": 0.7,
        "Beta": 0.95,
        "Recall": {
            "1": 26.47691939727338,
            "5": 52.64290839512078,
            "10": 66.25209280076537,
            "50": 92.44199952164553
        }
    },
    {
        "Alpha": 0.7,
        "Beta": 1.0,
        "Recall": {
            "1": 26.47691939727338,
            "5": 52.64290839512078,
            "10": 66.25209280076537,
            "50": 92.44199952164553
        }
    },
    {
        "Alpha": 0.75,
        "Beta": 0.05,
        "Recall": {
            "1": 31.38005261899067,
            "5": 65.41497249461852,
            "10": 77.06290361157619,
            "50": 92.75292992107151
        }
    },
    {
        "Alpha": 0.75,
        "Beta": 0.1,
        "Recall": {
            "1": 31.690983018416645,
            "5": 65.53456110978235,
            "10": 76.99115044247787,
            "50": 92.72901219803875
        }
    },
    {
        "Alpha": 0.75,
        "Beta": 0.15,
        "Recall": {
            "1": 31.260464003826836,
            "5": 65.24754843338914,
            "10": 76.72805548911744,
            "50": 92.72901219803875
        }
    },
    {
        "Alpha": 0.75,
        "Beta": 0.2,
        "Recall": {
            "1": 31.04520449653193,
            "5": 64.7691939727338,
            "10": 76.41712508969147,
            "50": 92.72901219803875
        }
    },
    {
        "Alpha": 0.75,
        "Beta": 0.25,
        "Recall": {
            "1": 30.303755082516144,
            "5": 63.97990911265248,
            "10": 75.72351112174121,
            "50": 92.72901219803875
        }
    },
    {
        "Alpha": 0.75,
        "Beta": 0.3,
        "Recall": {
            "1": 29.944989237024632,
            "5": 63.23845969863668,
            "10": 74.93422626165989,
            "50": 92.72901219803875
        }
    },
    {
        "Alpha": 0.75,
        "Beta": 0.35,
        "Recall": {
            "1": 29.22745754604162,
            "5": 62.11432671609663,
            "10": 74.12102367854581,
            "50": 92.72901219803875
        }
    },
    {
        "Alpha": 0.75,
        "Beta": 0.4,
        "Recall": {
            "1": 28.82085625448457,
            "5": 60.846687395359965,
            "10": 73.14039703420234,
            "50": 92.72901219803875
        }
    },
    {
        "Alpha": 0.75,
        "Beta": 0.45,
        "Recall": {
            "1": 28.34250179382923,
            "5": 59.722554412819896,
            "10": 71.96842860559674,
            "50": 92.72901219803875
        }
    },
    {
        "Alpha": 0.75,
        "Beta": 0.5,
        "Recall": {
            "1": 27.648887825878976,
            "5": 58.21573786175556,
            "10": 70.84429562305668,
            "50": 92.72901219803875
        }
    },
    {
        "Alpha": 0.75,
        "Beta": 0.55,
        "Recall": {
            "1": 27.146615642190863,
            "5": 56.780674479789525,
            "10": 69.95933987084429,
            "50": 92.72901219803875
        }
    },
    {
        "Alpha": 0.75,
        "Beta": 0.6,
        "Recall": {
            "1": 26.955273857928724,
            "5": 55.24994020569242,
            "10": 68.73953599617316,
            "50": 92.72901219803875
        }
    },
    {
        "Alpha": 0.75,
        "Beta": 0.65,
        "Recall": {
            "1": 26.66826118153552,
            "5": 53.79095910069361,
            "10": 67.63932073666587,
            "50": 92.72901219803875
        }
    },
    {
        "Alpha": 0.75,
        "Beta": 0.7,
        "Recall": {
            "1": 26.524754843338915,
            "5": 52.90600334848122,
            "10": 66.73044726142071,
            "50": 92.72901219803875
        }
    },
    {
        "Alpha": 0.75,
        "Beta": 0.75,
        "Recall": {
            "1": 26.500837120306148,
            "5": 52.59507294905526,
            "10": 66.27601052379813,
            "50": 92.72901219803875
        }
    },
    {
        "Alpha": 0.75,
        "Beta": 0.8,
        "Recall": {
            "1": 26.500837120306148,
            "5": 52.59507294905526,
            "10": 66.27601052379813,
            "50": 92.72901219803875
        }
    },
    {
        "Alpha": 0.75,
        "Beta": 0.85,
        "Recall": {
            "1": 26.500837120306148,
            "5": 52.59507294905526,
            "10": 66.27601052379813,
            "50": 92.72901219803875
        }
    },
    {
        "Alpha": 0.75,
        "Beta": 0.9,
        "Recall": {
            "1": 26.500837120306148,
            "5": 52.59507294905526,
            "10": 66.27601052379813,
            "50": 92.72901219803875
        }
    },
    {
        "Alpha": 0.75,
        "Beta": 0.95,
        "Recall": {
            "1": 26.500837120306148,
            "5": 52.59507294905526,
            "10": 66.27601052379813,
            "50": 92.72901219803875
        }
    },
    {
        "Alpha": 0.75,
        "Beta": 1.0,
        "Recall": {
            "1": 26.500837120306148,
            "5": 52.59507294905526,
            "10": 66.27601052379813,
            "50": 92.72901219803875
        }
    },
    {
        "Alpha": 0.8,
        "Beta": 0.05,
        "Recall": {
            "1": 31.332217172925137,
            "5": 65.36713704855298,
            "10": 77.03898588854341,
            "50": 92.99210715139918
        }
    },
    {
        "Alpha": 0.8,
        "Beta": 0.1,
        "Recall": {
            "1": 31.66706529538388,
            "5": 65.53456110978235,
            "10": 76.96723271944511,
            "50": 92.99210715139918
        }
    },
    {
        "Alpha": 0.8,
        "Beta": 0.15,
        "Recall": {
            "1": 31.308299449892367,
            "5": 65.46280794068404,
            "10": 76.84764410428127,
            "50": 92.99210715139918
        }
    },
    {
        "Alpha": 0.8,
        "Beta": 0.2,
        "Recall": {
            "1": 31.188710834728532,
            "5": 64.93661803396317,
            "10": 76.6084668739536,
            "50": 92.99210715139918
        }
    },
    {
        "Alpha": 0.8,
        "Beta": 0.25,
        "Recall": {
            "1": 30.351590528581678,
            "5": 64.43434585027505,
            "10": 76.05835924419995,
            "50": 92.99210715139918
        }
    },
    {
        "Alpha": 0.8,
        "Beta": 0.3,
        "Recall": {
            "1": 30.08849557522124,
            "5": 63.692896436259275,
            "10": 75.26907438411862,
            "50": 92.99210715139918
        }
    },
    {
        "Alpha": 0.8,
        "Beta": 0.35,
        "Recall": {
            "1": 29.63405883759866,
            "5": 62.95144702224348,
            "10": 74.45587180100455,
            "50": 92.99210715139918
        }
    },
    {
        "Alpha": 0.8,
        "Beta": 0.4,
        "Recall": {
            "1": 28.964362592681177,
            "5": 61.70772542453958,
            "10": 73.73834011002153,
            "50": 92.99210715139918
        }
    },
    {
        "Alpha": 0.8,
        "Beta": 0.45,
        "Recall": {
            "1": 28.5816790241569,
            "5": 60.55967471896675,
            "10": 72.82946663477638,
            "50": 92.99210715139918
        }
    },
    {
        "Alpha": 0.8,
        "Beta": 0.5,
        "Recall": {
            "1": 28.175077732599856,
            "5": 59.36378856732839,
            "10": 71.7053336522363,
            "50": 92.99210715139918
        }
    },
    {
        "Alpha": 0.8,
        "Beta": 0.55,
        "Recall": {
            "1": 27.72064099497728,
            "5": 58.120066969624496,
            "10": 70.84429562305668,
            "50": 92.99210715139918
        }
    },
    {
        "Alpha": 0.8,
        "Beta": 0.6,
        "Recall": {
            "1": 27.290121980387465,
            "5": 56.995933987084435,
            "10": 69.91150442477876,
            "50": 92.99210715139918
        }
    },
    {
        "Alpha": 0.8,
        "Beta": 0.65,
        "Recall": {
            "1": 26.931356134895957,
            "5": 55.27385792872519,
            "10": 68.859124611337,
            "50": 92.99210715139918
        }
    },
    {
        "Alpha": 0.8,
        "Beta": 0.7,
        "Recall": {
            "1": 26.620425735469983,
            "5": 53.93446543889022,
            "10": 67.75890935182971,
            "50": 92.99210715139918
        }
    },
    {
        "Alpha": 0.8,
        "Beta": 0.75,
        "Recall": {
            "1": 26.500837120306148,
            "5": 52.95383879454676,
            "10": 66.75436498445349,
            "50": 92.99210715139918
        }
    },
    {
        "Alpha": 0.8,
        "Beta": 0.8,
        "Recall": {
            "1": 26.47691939727338,
            "5": 52.54723750298972,
            "10": 66.25209280076537,
            "50": 92.99210715139918
        }
    },
    {
        "Alpha": 0.8,
        "Beta": 0.85,
        "Recall": {
            "1": 26.47691939727338,
            "5": 52.54723750298972,
            "10": 66.25209280076537,
            "50": 92.99210715139918
        }
    },
    {
        "Alpha": 0.8,
        "Beta": 0.9,
        "Recall": {
            "1": 26.47691939727338,
            "5": 52.54723750298972,
            "10": 66.25209280076537,
            "50": 92.99210715139918
        }
    },
    {
        "Alpha": 0.8,
        "Beta": 0.95,
        "Recall": {
            "1": 26.47691939727338,
            "5": 52.54723750298972,
            "10": 66.25209280076537,
            "50": 92.99210715139918
        }
    },
    {
        "Alpha": 0.8,
        "Beta": 1.0,
        "Recall": {
            "1": 26.47691939727338,
            "5": 52.54723750298972,
            "10": 66.25209280076537,
            "50": 92.99210715139918
        }
    },
    {
        "Alpha": 0.85,
        "Beta": 0.05,
        "Recall": {
            "1": 31.332217172925137,
            "5": 65.31930160248744,
            "10": 77.08682133460894,
            "50": 93.32695527385792
        }
    },
    {
        "Alpha": 0.85,
        "Beta": 0.1,
        "Recall": {
            "1": 31.690983018416645,
            "5": 65.5823965558479,
            "10": 76.96723271944511,
            "50": 93.32695527385792
        }
    },
    {
        "Alpha": 0.85,
        "Beta": 0.15,
        "Recall": {
            "1": 31.40397034202344,
            "5": 65.53456110978235,
            "10": 76.7519732121502,
            "50": 93.32695527385792
        }
    },
    {
        "Alpha": 0.85,
        "Beta": 0.2,
        "Recall": {
            "1": 31.308299449892367,
            "5": 65.1279598182253,
            "10": 76.72805548911744,
            "50": 93.32695527385792
        }
    },
    {
        "Alpha": 0.85,
        "Beta": 0.25,
        "Recall": {
            "1": 30.734274097105956,
            "5": 64.57785218847167,
            "10": 76.36928964362593,
            "50": 93.32695527385792
        }
    },
    {
        "Alpha": 0.85,
        "Beta": 0.3,
        "Recall": {
            "1": 30.232001913417843,
            "5": 63.90815594355418,
            "10": 75.77134656780675,
            "50": 93.32695527385792
        }
    },
    {
        "Alpha": 0.85,
        "Beta": 0.35,
        "Recall": {
            "1": 29.77756517579526,
            "5": 63.405883759866065,
            "10": 74.98206170772542,
            "50": 93.32695527385792
        }
    },
    {
        "Alpha": 0.85,
        "Beta": 0.4,
        "Recall": {
            "1": 29.22745754604162,
            "5": 62.377421669457064,
            "10": 74.21669457067686,
            "50": 93.32695527385792
        }
    },
    {
        "Alpha": 0.85,
        "Beta": 0.45,
        "Recall": {
            "1": 28.84477397751734,
            "5": 61.0380291796221,
            "10": 73.33173881846449,
            "50": 93.32695527385792
        }
    },
    {
        "Alpha": 0.85,
        "Beta": 0.5,
        "Recall": {
            "1": 28.414254962927533,
            "5": 60.105237981344175,
            "10": 72.5902894044487,
            "50": 93.32695527385792
        }
    },
    {
        "Alpha": 0.85,
        "Beta": 0.55,
        "Recall": {
            "1": 28.007653671370488,
            "5": 58.93326955273858,
            "10": 71.633580483138,
            "50": 93.32695527385792
        }
    },
    {
        "Alpha": 0.85,
        "Beta": 0.6,
        "Recall": {
            "1": 27.52929921071514,
            "5": 57.904807462329586,
            "10": 70.79646017699115,
            "50": 93.32695527385792
        }
    },
    {
        "Alpha": 0.85,
        "Beta": 0.65,
        "Recall": {
            "1": 27.218368811289167,
            "5": 56.852427648887826,
            "10": 69.86366897871322,
            "50": 93.32695527385792
        }
    },
    {
        "Alpha": 0.85,
        "Beta": 0.7,
        "Recall": {
            "1": 26.883520688830426,
            "5": 55.41736426692179,
            "10": 69.09830184166468,
            "50": 93.32695527385792
        }
    },
    {
        "Alpha": 0.85,
        "Beta": 0.75,
        "Recall": {
            "1": 26.596508012437216,
            "5": 54.14972494618512,
            "10": 67.85458024396077,
            "50": 93.32695527385792
        }
    },
    {
        "Alpha": 0.85,
        "Beta": 0.8,
        "Recall": {
            "1": 26.524754843338915,
            "5": 53.04950968667783,
            "10": 66.75436498445349,
            "50": 93.32695527385792
        }
    },
    {
        "Alpha": 0.85,
        "Beta": 0.85,
        "Recall": {
            "1": 26.47691939727338,
            "5": 52.57115522602248,
            "10": 66.2281750777326,
            "50": 93.32695527385792
        }
    },
    {
        "Alpha": 0.85,
        "Beta": 0.9,
        "Recall": {
            "1": 26.47691939727338,
            "5": 52.57115522602248,
            "10": 66.2281750777326,
            "50": 93.32695527385792
        }
    },
    {
        "Alpha": 0.85,
        "Beta": 0.95,
        "Recall": {
            "1": 26.47691939727338,
            "5": 52.57115522602248,
            "10": 66.2281750777326,
            "50": 93.32695527385792
        }
    },
    {
        "Alpha": 0.85,
        "Beta": 1.0,
        "Recall": {
            "1": 26.47691939727338,
            "5": 52.57115522602248,
            "10": 66.2281750777326,
            "50": 93.32695527385792
        }
    },
    {
        "Alpha": 0.9,
        "Beta": 0.05,
        "Recall": {
            "1": 31.260464003826836,
            "5": 65.29538387945468,
            "10": 77.06290361157619,
            "50": 93.61396795025114
        }
    },
    {
        "Alpha": 0.9,
        "Beta": 0.1,
        "Recall": {
            "1": 31.690983018416645,
            "5": 65.48672566371681,
            "10": 76.94331499641234,
            "50": 93.59005022721837
        }
    },
    {
        "Alpha": 0.9,
        "Beta": 0.15,
        "Recall": {
            "1": 31.57139440325281,
            "5": 65.67806744797895,
            "10": 76.79980865821574,
            "50": 93.59005022721837
        }
    },
    {
        "Alpha": 0.9,
        "Beta": 0.2,
        "Recall": {
            "1": 31.2843817268596,
            "5": 65.27146615642191,
            "10": 76.65630232001914,
            "50": 93.59005022721837
        }
    },
    {
        "Alpha": 0.9,
        "Beta": 0.25,
        "Recall": {
            "1": 30.85386271226979,
            "5": 64.64960535756997,
            "10": 76.5367137048553,
            "50": 93.59005022721837
        }
    },
    {
        "Alpha": 0.9,
        "Beta": 0.3,
        "Recall": {
            "1": 30.303755082516144,
            "5": 64.07558000478355,
            "10": 76.03444152116718,
            "50": 93.59005022721837
        }
    },
    {
        "Alpha": 0.9,
        "Beta": 0.35,
        "Recall": {
            "1": 30.016742406122937,
            "5": 63.62114326716096,
            "10": 75.3647452762497,
            "50": 93.59005022721837
        }
    },
    {
        "Alpha": 0.9,
        "Beta": 0.4,
        "Recall": {
            "1": 29.490552499402057,
            "5": 62.95144702224348,
            "10": 74.69504903133222,
            "50": 93.59005022721837
        }
    },
    {
        "Alpha": 0.9,
        "Beta": 0.45,
        "Recall": {
            "1": 28.964362592681177,
            "5": 61.77947859363788,
            "10": 74.00143506338198,
            "50": 93.59005022721837
        }
    },
    {
        "Alpha": 0.9,
        "Beta": 0.5,
        "Recall": {
            "1": 28.701267639320736,
            "5": 60.703181057163356,
            "10": 73.0925615881368,
            "50": 93.59005022721837
        }
    },
    {
        "Alpha": 0.9,
        "Beta": 0.55,
        "Recall": {
            "1": 28.270748624730924,
            "5": 59.84214302798374,
            "10": 72.35111217412103,
            "50": 93.59005022721837
        }
    },
    {
        "Alpha": 0.9,
        "Beta": 0.6,
        "Recall": {
            "1": 27.81631188710835,
            "5": 58.64625687634537,
            "10": 71.4183209758431,
            "50": 93.59005022721837
        }
    },
    {
        "Alpha": 0.9,
        "Beta": 0.65,
        "Recall": {
            "1": 27.4097105955513,
            "5": 57.61779478593638,
            "10": 70.50944750059794,
            "50": 93.59005022721837
        }
    },
    {
        "Alpha": 0.9,
        "Beta": 0.7,
        "Recall": {
            "1": 27.17053336522363,
            "5": 56.780674479789525,
            "10": 69.69624491748385,
            "50": 93.59005022721837
        }
    },
    {
        "Alpha": 0.9,
        "Beta": 0.75,
        "Recall": {
            "1": 26.883520688830426,
            "5": 55.53695288208562,
            "10": 68.97871322650083,
            "50": 93.59005022721837
        }
    },
    {
        "Alpha": 0.9,
        "Beta": 0.8,
        "Recall": {
            "1": 26.596508012437216,
            "5": 54.269313561348966,
            "10": 67.9741688591246,
            "50": 93.59005022721837
        }
    },
    {
        "Alpha": 0.9,
        "Beta": 0.85,
        "Recall": {
            "1": 26.524754843338915,
            "5": 53.216933747907206,
            "10": 66.82611815355179,
            "50": 93.59005022721837
        }
    },
    {
        "Alpha": 0.9,
        "Beta": 0.9,
        "Recall": {
            "1": 26.47691939727338,
            "5": 52.57115522602248,
            "10": 66.20425735469983,
            "50": 93.59005022721837
        }
    },
    {
        "Alpha": 0.9,
        "Beta": 0.95,
        "Recall": {
            "1": 26.47691939727338,
            "5": 52.57115522602248,
            "10": 66.20425735469983,
            "50": 93.59005022721837
        }
    },
    {
        "Alpha": 0.9,
        "Beta": 1.0,
        "Recall": {
            "1": 26.47691939727338,
            "5": 52.57115522602248,
            "10": 66.20425735469983,
            "50": 93.59005022721837
        }
    },
    {
        "Alpha": 0.95,
        "Beta": 0.05,
        "Recall": {
            "1": 31.23654628079407,
            "5": 65.31930160248744,
            "10": 77.08682133460894,
            "50": 93.80530973451327
        }
    },
    {
        "Alpha": 0.95,
        "Beta": 0.1,
        "Recall": {
            "1": 31.64314757235111,
            "5": 65.46280794068404,
            "10": 77.03898588854341,
            "50": 93.80530973451327
        }
    },
    {
        "Alpha": 0.95,
        "Beta": 0.15,
        "Recall": {
            "1": 31.61922984931834,
            "5": 65.72590289404448,
            "10": 76.8954795503468,
            "50": 93.80530973451327
        }
    },
    {
        "Alpha": 0.95,
        "Beta": 0.2,
        "Recall": {
            "1": 31.308299449892367,
            "5": 65.36713704855298,
            "10": 76.77589093518297,
            "50": 93.80530973451327
        }
    },
    {
        "Alpha": 0.95,
        "Beta": 0.25,
        "Recall": {
            "1": 31.093039942597468,
            "5": 64.84094714183209,
            "10": 76.6084668739536,
            "50": 93.80530973451327
        }
    },
    {
        "Alpha": 0.95,
        "Beta": 0.3,
        "Recall": {
            "1": 30.37550825161445,
            "5": 64.38651040420952,
            "10": 76.22578330542932,
            "50": 93.80530973451327
        }
    },
    {
        "Alpha": 0.95,
        "Beta": 0.35,
        "Recall": {
            "1": 30.18416646735231,
            "5": 63.83640277445587,
            "10": 75.53216933747908,
            "50": 93.80530973451327
        }
    },
    {
        "Alpha": 0.95,
        "Beta": 0.4,
        "Recall": {
            "1": 29.72972972972973,
            "5": 63.23845969863668,
            "10": 74.98206170772542,
            "50": 93.80530973451327
        }
    },
    {
        "Alpha": 0.95,
        "Beta": 0.45,
        "Recall": {
            "1": 29.155704376943316,
            "5": 62.32958622339153,
            "10": 74.28844773977518,
            "50": 93.80530973451327
        }
    },
    {
        "Alpha": 0.95,
        "Beta": 0.5,
        "Recall": {
            "1": 28.84477397751734,
            "5": 61.06194690265486,
            "10": 73.57091604879216,
            "50": 93.80530973451327
        }
    },
    {
        "Alpha": 0.95,
        "Beta": 0.55,
        "Recall": {
            "1": 28.533843578091368,
            "5": 60.24874431954078,
            "10": 72.75771346567807,
            "50": 93.80530973451327
        }
    },
    {
        "Alpha": 0.95,
        "Beta": 0.6,
        "Recall": {
            "1": 28.127242286534322,
            "5": 59.339870844295625,
            "10": 71.92059315953121,
            "50": 93.80530973451327
        }
    },
    {
        "Alpha": 0.95,
        "Beta": 0.65,
        "Recall": {
            "1": 27.744558718010044,
            "5": 58.23965558478833,
            "10": 71.29873236067927,
            "50": 93.80530973451327
        }
    },
    {
        "Alpha": 0.95,
        "Beta": 0.7,
        "Recall": {
            "1": 27.38579287251854,
            "5": 57.33078210954318,
            "10": 70.38985888543411,
            "50": 93.80530973451327
        }
    },
    {
        "Alpha": 0.95,
        "Beta": 0.75,
        "Recall": {
            "1": 27.122697919158096,
            "5": 56.39799091126525,
            "10": 69.67232719445109,
            "50": 93.80530973451327
        }
    },
    {
        "Alpha": 0.95,
        "Beta": 0.8,
        "Recall": {
            "1": 26.787849796699355,
            "5": 55.345611097823486,
            "10": 68.90696005740253,
            "50": 93.80530973451327
        }
    },
    {
        "Alpha": 0.95,
        "Beta": 0.85,
        "Recall": {
            "1": 26.596508012437216,
            "5": 54.269313561348966,
            "10": 67.85458024396077,
            "50": 93.80530973451327
        }
    },
    {
        "Alpha": 0.95,
        "Beta": 0.9,
        "Recall": {
            "1": 26.524754843338915,
            "5": 53.408275532169334,
            "10": 67.04137766084669,
            "50": 93.80530973451327
        }
    },
    {
        "Alpha": 0.95,
        "Beta": 0.95,
        "Recall": {
            "1": 26.47691939727338,
            "5": 52.54723750298972,
            "10": 66.18033963166707,
            "50": 93.80530973451327
        }
    },
    {
        "Alpha": 0.95,
        "Beta": 1.0,
        "Recall": {
            "1": 26.47691939727338,
            "5": 52.54723750298972,
            "10": 66.18033963166707,
            "50": 93.80530973451327
        }
    }
]